ISO-10303-21;
HEADER;
/* Generated by software containing ST-Developer
 * from STEP Tools, Inc. (www.steptools.com) 
 */
/* OPTION: using custom renumber hook */

FILE_DESCRIPTION(
/* description */ ('STEP AP242 Edition 2',
'CAx-IF Rec.Pracs.---Representation and Presentation of Product Manufa
cturing Information (PMI)---4.0---2014-10-13',
'CAx-IF Rec.Pracs.---3D Tessellated Geometry---0.4---2014-09-14','2;1',
'CAx-IF Rec.Pracs.---User Defined Attributes---1.5---2016-08-15'),
/* implementation_level */ '2;1');

FILE_NAME(
/* name */ '69554f07ccd71fa6b5d45436',
/* time_stamp */ '2025-12-31T16:27:51Z',
/* author */ (''),
/* organization */ (''),
/* preprocessor_version */ 'ST-DEVELOPER v20',
/* originating_system */ 'ONSHAPE BY PTC INC, 1.208',
/* authorisation */ '  ');

FILE_SCHEMA (('AP242_MANAGED_MODEL_BASED_3D_ENGINEERING_MIM_LF { 1 0 10303 442 3 1 4 }'));
ENDSEC;

DATA;
#10=SHAPE_REPRESENTATION_RELATIONSHIP('','',#666,#11);
#11=ADVANCED_BREP_SHAPE_REPRESENTATION('',(#664),#3116);
#12=CYLINDRICAL_SURFACE('',#680,0.0075);
#13=CYLINDRICAL_SURFACE('',#719,0.0065);
#14=LINE('',#1914,#84);
#15=LINE('',#1916,#85);
#16=LINE('',#1918,#86);
#17=LINE('',#1922,#87);
#18=LINE('',#1924,#88);
#19=LINE('',#1926,#89);
#20=LINE('',#1930,#90);
#21=LINE('',#1932,#91);
#22=LINE('',#1934,#92);
#23=LINE('',#1938,#93);
#24=LINE('',#1940,#94);
#25=LINE('',#1942,#95);
#26=LINE('',#1946,#96);
#27=LINE('',#1948,#97);
#28=LINE('',#1950,#98);
#29=LINE('',#1954,#99);
#30=LINE('',#1956,#100);
#31=LINE('',#1958,#101);
#32=LINE('',#1962,#102);
#33=LINE('',#1964,#103);
#34=LINE('',#1966,#104);
#35=LINE('',#1976,#105);
#36=LINE('',#1978,#106);
#37=LINE('',#1980,#107);
#38=LINE('',#1982,#108);
#39=LINE('',#1984,#109);
#40=LINE('',#1986,#110);
#41=LINE('',#1988,#111);
#42=LINE('',#1992,#112);
#43=LINE('',#1994,#113);
#44=LINE('',#1996,#114);
#45=LINE('',#1998,#115);
#46=LINE('',#2000,#116);
#47=LINE('',#2002,#117);
#48=LINE('',#2004,#118);
#49=LINE('',#2008,#119);
#50=LINE('',#2010,#120);
#51=LINE('',#2012,#121);
#52=LINE('',#2014,#122);
#53=LINE('',#2016,#123);
#54=LINE('',#2018,#124);
#55=LINE('',#2020,#125);
#56=LINE('',#2024,#126);
#57=LINE('',#2026,#127);
#58=LINE('',#2028,#128);
#59=LINE('',#2030,#129);
#60=LINE('',#2032,#130);
#61=LINE('',#2034,#131);
#62=LINE('',#2036,#132);
#63=LINE('',#2040,#133);
#64=LINE('',#2042,#134);
#65=LINE('',#2044,#135);
#66=LINE('',#2046,#136);
#67=LINE('',#2048,#137);
#68=LINE('',#2050,#138);
#69=LINE('',#2052,#139);
#70=LINE('',#2056,#140);
#71=LINE('',#2058,#141);
#72=LINE('',#2060,#142);
#73=LINE('',#2062,#143);
#74=LINE('',#2064,#144);
#75=LINE('',#2066,#145);
#76=LINE('',#2068,#146);
#77=LINE('',#2072,#147);
#78=LINE('',#2074,#148);
#79=LINE('',#2076,#149);
#80=LINE('',#2078,#150);
#81=LINE('',#2080,#151);
#82=LINE('',#2082,#152);
#83=LINE('',#2084,#153);
#84=VECTOR('',#732,1.);
#85=VECTOR('',#733,1.);
#86=VECTOR('',#734,1.);
#87=VECTOR('',#737,1.);
#88=VECTOR('',#738,1.);
#89=VECTOR('',#739,1.);
#90=VECTOR('',#742,1.);
#91=VECTOR('',#743,1.);
#92=VECTOR('',#744,1.);
#93=VECTOR('',#747,1.);
#94=VECTOR('',#748,1.);
#95=VECTOR('',#749,1.);
#96=VECTOR('',#752,1.);
#97=VECTOR('',#753,1.);
#98=VECTOR('',#754,1.);
#99=VECTOR('',#757,1.);
#100=VECTOR('',#758,1.);
#101=VECTOR('',#759,1.);
#102=VECTOR('',#762,1.);
#103=VECTOR('',#763,1.);
#104=VECTOR('',#764,1.);
#105=VECTOR('',#777,1.);
#106=VECTOR('',#778,1.);
#107=VECTOR('',#779,1.);
#108=VECTOR('',#782,1.);
#109=VECTOR('',#783,1.);
#110=VECTOR('',#784,1.);
#111=VECTOR('',#787,1.);
#112=VECTOR('',#794,1.);
#113=VECTOR('',#795,1.);
#114=VECTOR('',#796,1.);
#115=VECTOR('',#799,1.);
#116=VECTOR('',#800,1.);
#117=VECTOR('',#801,1.);
#118=VECTOR('',#804,1.);
#119=VECTOR('',#811,1.);
#120=VECTOR('',#812,1.);
#121=VECTOR('',#813,1.);
#122=VECTOR('',#816,1.);
#123=VECTOR('',#817,1.);
#124=VECTOR('',#818,1.);
#125=VECTOR('',#821,1.);
#126=VECTOR('',#828,1.);
#127=VECTOR('',#829,1.);
#128=VECTOR('',#830,1.);
#129=VECTOR('',#833,1.);
#130=VECTOR('',#834,1.);
#131=VECTOR('',#835,1.);
#132=VECTOR('',#838,1.);
#133=VECTOR('',#845,1.);
#134=VECTOR('',#846,1.);
#135=VECTOR('',#847,1.);
#136=VECTOR('',#850,1.);
#137=VECTOR('',#851,1.);
#138=VECTOR('',#852,1.);
#139=VECTOR('',#855,1.);
#140=VECTOR('',#862,1.);
#141=VECTOR('',#863,1.);
#142=VECTOR('',#864,1.);
#143=VECTOR('',#867,1.);
#144=VECTOR('',#868,1.);
#145=VECTOR('',#869,1.);
#146=VECTOR('',#872,1.);
#147=VECTOR('',#879,1.);
#148=VECTOR('',#880,1.);
#149=VECTOR('',#881,1.);
#150=VECTOR('',#884,1.);
#151=VECTOR('',#885,1.);
#152=VECTOR('',#888,1.);
#153=VECTOR('',#889,1.);
#154=PLANE('',#671);
#155=PLANE('',#681);
#156=PLANE('',#684);
#157=PLANE('',#685);
#158=PLANE('',#686);
#159=PLANE('',#687);
#160=PLANE('',#689);
#161=PLANE('',#690);
#162=PLANE('',#691);
#163=PLANE('',#692);
#164=PLANE('',#694);
#165=PLANE('',#695);
#166=PLANE('',#696);
#167=PLANE('',#697);
#168=PLANE('',#699);
#169=PLANE('',#700);
#170=PLANE('',#701);
#171=PLANE('',#702);
#172=PLANE('',#704);
#173=PLANE('',#705);
#174=PLANE('',#706);
#175=PLANE('',#707);
#176=PLANE('',#709);
#177=PLANE('',#710);
#178=PLANE('',#711);
#179=PLANE('',#712);
#180=PLANE('',#714);
#181=PLANE('',#715);
#182=PLANE('',#716);
#183=PLANE('',#717);
#184=VERTEX_LOOP('',#457);
#185=VERTEX_LOOP('',#517);
#186=B_SPLINE_SURFACE_WITH_KNOTS('',3,3,((#902,#903,#904,#905,#906,#907,
#908,#909,#910,#911,#912,#913,#914,#915,#916,#917,#918,#919,#920),(#921,
#922,#923,#924,#925,#926,#927,#928,#929,#930,#931,#932,#933,#934,#935,#936,
#937,#938,#939),(#940,#941,#942,#943,#944,#945,#946,#947,#948,#949,#950,
#951,#952,#953,#954,#955,#956,#957,#958),(#959,#960,#961,#962,#963,#964,
#965,#966,#967,#968,#969,#970,#971,#972,#973,#974,#975,#976,#977),(#978,
#979,#980,#981,#982,#983,#984,#985,#986,#987,#988,#989,#990,#991,#992,#993,
#994,#995,#996),(#997,#998,#999,#1000,#1001,#1002,#1003,#1004,#1005,#1006,
#1007,#1008,#1009,#1010,#1011,#1012,#1013,#1014,#1015),(#1016,#1017,#1018,
#1019,#1020,#1021,#1022,#1023,#1024,#1025,#1026,#1027,#1028,#1029,#1030,
#1031,#1032,#1033,#1034),(#1035,#1036,#1037,#1038,#1039,#1040,#1041,#1042,
#1043,#1044,#1045,#1046,#1047,#1048,#1049,#1050,#1051,#1052,#1053),(#1054,
#1055,#1056,#1057,#1058,#1059,#1060,#1061,#1062,#1063,#1064,#1065,#1066,
#1067,#1068,#1069,#1070,#1071,#1072),(#1073,#1074,#1075,#1076,#1077,#1078,
#1079,#1080,#1081,#1082,#1083,#1084,#1085,#1086,#1087,#1088,#1089,#1090,
#1091),(#1092,#1093,#1094,#1095,#1096,#1097,#1098,#1099,#1100,#1101,#1102,
#1103,#1104,#1105,#1106,#1107,#1108,#1109,#1110),(#1111,#1112,#1113,#1114,
#1115,#1116,#1117,#1118,#1119,#1120,#1121,#1122,#1123,#1124,#1125,#1126,
#1127,#1128,#1129),(#1130,#1131,#1132,#1133,#1134,#1135,#1136,#1137,#1138,
#1139,#1140,#1141,#1142,#1143,#1144,#1145,#1146,#1147,#1148),(#1149,#1150,
#1151,#1152,#1153,#1154,#1155,#1156,#1157,#1158,#1159,#1160,#1161,#1162,
#1163,#1164,#1165,#1166,#1167),(#1168,#1169,#1170,#1171,#1172,#1173,#1174,
#1175,#1176,#1177,#1178,#1179,#1180,#1181,#1182,#1183,#1184,#1185,#1186),
(#1187,#1188,#1189,#1190,#1191,#1192,#1193,#1194,#1195,#1196,#1197,#1198,
#1199,#1200,#1201,#1202,#1203,#1204,#1205),(#1206,#1207,#1208,#1209,#1210,
#1211,#1212,#1213,#1214,#1215,#1216,#1217,#1218,#1219,#1220,#1221,#1222,
#1223,#1224),(#1225,#1226,#1227,#1228,#1229,#1230,#1231,#1232,#1233,#1234,
#1235,#1236,#1237,#1238,#1239,#1240,#1241,#1242,#1243),(#1244,#1245,#1246,
#1247,#1248,#1249,#1250,#1251,#1252,#1253,#1254,#1255,#1256,#1257,#1258,
#1259,#1260,#1261,#1262),(#1263,#1264,#1265,#1266,#1267,#1268,#1269,#1270,
#1271,#1272,#1273,#1274,#1275,#1276,#1277,#1278,#1279,#1280,#1281),(#1282,
#1283,#1284,#1285,#1286,#1287,#1288,#1289,#1290,#1291,#1292,#1293,#1294,
#1295,#1296,#1297,#1298,#1299,#1300),(#1301,#1302,#1303,#1304,#1305,#1306,
#1307,#1308,#1309,#1310,#1311,#1312,#1313,#1314,#1315,#1316,#1317,#1318,
#1319),(#1320,#1321,#1322,#1323,#1324,#1325,#1326,#1327,#1328,#1329,#1330,
#1331,#1332,#1333,#1334,#1335,#1336,#1337,#1338),(#1339,#1340,#1341,#1342,
#1343,#1344,#1345,#1346,#1347,#1348,#1349,#1350,#1351,#1352,#1353,#1354,
#1355,#1356,#1357),(#1358,#1359,#1360,#1361,#1362,#1363,#1364,#1365,#1366,
#1367,#1368,#1369,#1370,#1371,#1372,#1373,#1374,#1375,#1376),(#1377,#1378,
#1379,#1380,#1381,#1382,#1383,#1384,#1385,#1386,#1387,#1388,#1389,#1390,
#1391,#1392,#1393,#1394,#1395),(#1396,#1397,#1398,#1399,#1400,#1401,#1402,
#1403,#1404,#1405,#1406,#1407,#1408,#1409,#1410,#1411,#1412,#1413,#1414),
(#1415,#1416,#1417,#1418,#1419,#1420,#1421,#1422,#1423,#1424,#1425,#1426,
#1427,#1428,#1429,#1430,#1431,#1432,#1433),(#1434,#1435,#1436,#1437,#1438,
#1439,#1440,#1441,#1442,#1443,#1444,#1445,#1446,#1447,#1448,#1449,#1450,
#1451,#1452),(#1453,#1454,#1455,#1456,#1457,#1458,#1459,#1460,#1461,#1462,
#1463,#1464,#1465,#1466,#1467,#1468,#1469,#1470,#1471),(#1472,#1473,#1474,
#1475,#1476,#1477,#1478,#1479,#1480,#1481,#1482,#1483,#1484,#1485,#1486,
#1487,#1488,#1489,#1490),(#1491,#1492,#1493,#1494,#1495,#1496,#1497,#1498,
#1499,#1500,#1501,#1502,#1503,#1504,#1505,#1506,#1507,#1508,#1509),(#1510,
#1511,#1512,#1513,#1514,#1515,#1516,#1517,#1518,#1519,#1520,#1521,#1522,
#1523,#1524,#1525,#1526,#1527,#1528),(#1529,#1530,#1531,#1532,#1533,#1534,
#1535,#1536,#1537,#1538,#1539,#1540,#1541,#1542,#1543,#1544,#1545,#1546,
#1547),(#1548,#1549,#1550,#1551,#1552,#1553,#1554,#1555,#1556,#1557,#1558,
#1559,#1560,#1561,#1562,#1563,#1564,#1565,#1566),(#1567,#1568,#1569,#1570,
#1571,#1572,#1573,#1574,#1575,#1576,#1577,#1578,#1579,#1580,#1581,#1582,
#1583,#1584,#1585),(#1586,#1587,#1588,#1589,#1590,#1591,#1592,#1593,#1594,
#1595,#1596,#1597,#1598,#1599,#1600,#1601,#1602,#1603,#1604),(#1605,#1606,
#1607,#1608,#1609,#1610,#1611,#1612,#1613,#1614,#1615,#1616,#1617,#1618,
#1619,#1620,#1621,#1622,#1623),(#1624,#1625,#1626,#1627,#1628,#1629,#1630,
#1631,#1632,#1633,#1634,#1635,#1636,#1637,#1638,#1639,#1640,#1641,#1642),
(#1643,#1644,#1645,#1646,#1647,#1648,#1649,#1650,#1651,#1652,#1653,#1654,
#1655,#1656,#1657,#1658,#1659,#1660,#1661),(#1662,#1663,#1664,#1665,#1666,
#1667,#1668,#1669,#1670,#1671,#1672,#1673,#1674,#1675,#1676,#1677,#1678,
#1679,#1680),(#1681,#1682,#1683,#1684,#1685,#1686,#1687,#1688,#1689,#1690,
#1691,#1692,#1693,#1694,#1695,#1696,#1697,#1698,#1699),(#1700,#1701,#1702,
#1703,#1704,#1705,#1706,#1707,#1708,#1709,#1710,#1711,#1712,#1713,#1714,
#1715,#1716,#1717,#1718),(#1719,#1720,#1721,#1722,#1723,#1724,#1725,#1726,
#1727,#1728,#1729,#1730,#1731,#1732,#1733,#1734,#1735,#1736,#1737),(#1738,
#1739,#1740,#1741,#1742,#1743,#1744,#1745,#1746,#1747,#1748,#1749,#1750,
#1751,#1752,#1753,#1754,#1755,#1756),(#1757,#1758,#1759,#1760,#1761,#1762,
#1763,#1764,#1765,#1766,#1767,#1768,#1769,#1770,#1771,#1772,#1773,#1774,
#1775),(#1776,#1777,#1778,#1779,#1780,#1781,#1782,#1783,#1784,#1785,#1786,
#1787,#1788,#1789,#1790,#1791,#1792,#1793,#1794),(#1795,#1796,#1797,#1798,
#1799,#1800,#1801,#1802,#1803,#1804,#1805,#1806,#1807,#1808,#1809,#1810,
#1811,#1812,#1813),(#1814,#1815,#1816,#1817,#1818,#1819,#1820,#1821,#1822,
#1823,#1824,#1825,#1826,#1827,#1828,#1829,#1830,#1831,#1832),(#1833,#1834,
#1835,#1836,#1837,#1838,#1839,#1840,#1841,#1842,#1843,#1844,#1845,#1846,
#1847,#1848,#1849,#1850,#1851),(#1852,#1853,#1854,#1855,#1856,#1857,#1858,
#1859,#1860,#1861,#1862,#1863,#1864,#1865,#1866,#1867,#1868,#1869,#1870),
(#1871,#1872,#1873,#1874,#1875,#1876,#1877,#1878,#1879,#1880,#1881,#1882,
#1883,#1884,#1885,#1886,#1887,#1888,#1889),(#1890,#1891,#1892,#1893,#1894,
#1895,#1896,#1897,#1898,#1899,#1900,#1901,#1902,#1903,#1904,#1905,#1906,
#1907,#1908)),.UNSPECIFIED.,.F.,.T.,.F.,(4,1,1,1,1,1,1,1,1,1,1,1,1,1,1,
1,1,1,1,1,1,1,1,1,1,1,1,1,1,1,1,1,1,1,1,1,1,1,1,1,1,1,1,1,1,1,1,1,1,1,4),
(1,1,1,1,1,1,1,1,1,1,1,1,1,1,1,1,1,1,1,1,1,1,1),(0.,0.015625,0.0234375,
0.0338541666666667,0.046875,0.0625,0.078125,0.0989583333333333,0.125,0.151041666666667,
0.171875,0.1875,0.203125,0.223958333333333,0.25,0.28125,0.307291666666667,
0.328125,0.34375,0.359375,0.375,0.390625,0.40625,0.421875,0.4375,0.453125,
0.473958333333333,0.494791666666667,0.515625,0.53125,0.546875,0.5625,0.578125,
0.59375,0.609375,0.625,0.640625,0.661458333333333,0.6875,0.71875,0.75,0.78125,
0.8125,0.84375,0.875,0.901041666666667,0.921875,0.9375,0.953125,0.96875,
1.),(-1.17809724509617,-0.785398163397448,-0.392699081698725,0.,0.392699081698724,
0.785398163397448,1.17809724509617,1.5707963267949,1.96349540849362,2.35619449019234,
2.74889357189107,3.14159265358979,3.53429173528852,3.92699081698724,4.31968989868597,
4.71238898038469,5.10508806208341,5.49778714378214,5.89048622548086,6.28318530717959,
6.67588438887831,7.06858347057703,7.46128255227576),.UNSPECIFIED.);
#187=B_SPLINE_SURFACE_WITH_KNOTS('',3,3,((#2087,#2088,#2089,#2090,#2091,
#2092,#2093,#2094,#2095,#2096,#2097,#2098,#2099,#2100,#2101,#2102,#2103,
#2104,#2105),(#2106,#2107,#2108,#2109,#2110,#2111,#2112,#2113,#2114,#2115,
#2116,#2117,#2118,#2119,#2120,#2121,#2122,#2123,#2124),(#2125,#2126,#2127,
#2128,#2129,#2130,#2131,#2132,#2133,#2134,#2135,#2136,#2137,#2138,#2139,
#2140,#2141,#2142,#2143),(#2144,#2145,#2146,#2147,#2148,#2149,#2150,#2151,
#2152,#2153,#2154,#2155,#2156,#2157,#2158,#2159,#2160,#2161,#2162),(#2163,
#2164,#2165,#2166,#2167,#2168,#2169,#2170,#2171,#2172,#2173,#2174,#2175,
#2176,#2177,#2178,#2179,#2180,#2181),(#2182,#2183,#2184,#2185,#2186,#2187,
#2188,#2189,#2190,#2191,#2192,#2193,#2194,#2195,#2196,#2197,#2198,#2199,
#2200),(#2201,#2202,#2203,#2204,#2205,#2206,#2207,#2208,#2209,#2210,#2211,
#2212,#2213,#2214,#2215,#2216,#2217,#2218,#2219),(#2220,#2221,#2222,#2223,
#2224,#2225,#2226,#2227,#2228,#2229,#2230,#2231,#2232,#2233,#2234,#2235,
#2236,#2237,#2238),(#2239,#2240,#2241,#2242,#2243,#2244,#2245,#2246,#2247,
#2248,#2249,#2250,#2251,#2252,#2253,#2254,#2255,#2256,#2257),(#2258,#2259,
#2260,#2261,#2262,#2263,#2264,#2265,#2266,#2267,#2268,#2269,#2270,#2271,
#2272,#2273,#2274,#2275,#2276),(#2277,#2278,#2279,#2280,#2281,#2282,#2283,
#2284,#2285,#2286,#2287,#2288,#2289,#2290,#2291,#2292,#2293,#2294,#2295),
(#2296,#2297,#2298,#2299,#2300,#2301,#2302,#2303,#2304,#2305,#2306,#2307,
#2308,#2309,#2310,#2311,#2312,#2313,#2314),(#2315,#2316,#2317,#2318,#2319,
#2320,#2321,#2322,#2323,#2324,#2325,#2326,#2327,#2328,#2329,#2330,#2331,
#2332,#2333),(#2334,#2335,#2336,#2337,#2338,#2339,#2340,#2341,#2342,#2343,
#2344,#2345,#2346,#2347,#2348,#2349,#2350,#2351,#2352),(#2353,#2354,#2355,
#2356,#2357,#2358,#2359,#2360,#2361,#2362,#2363,#2364,#2365,#2366,#2367,
#2368,#2369,#2370,#2371),(#2372,#2373,#2374,#2375,#2376,#2377,#2378,#2379,
#2380,#2381,#2382,#2383,#2384,#2385,#2386,#2387,#2388,#2389,#2390),(#2391,
#2392,#2393,#2394,#2395,#2396,#2397,#2398,#2399,#2400,#2401,#2402,#2403,
#2404,#2405,#2406,#2407,#2408,#2409),(#2410,#2411,#2412,#2413,#2414,#2415,
#2416,#2417,#2418,#2419,#2420,#2421,#2422,#2423,#2424,#2425,#2426,#2427,
#2428),(#2429,#2430,#2431,#2432,#2433,#2434,#2435,#2436,#2437,#2438,#2439,
#2440,#2441,#2442,#2443,#2444,#2445,#2446,#2447),(#2448,#2449,#2450,#2451,
#2452,#2453,#2454,#2455,#2456,#2457,#2458,#2459,#2460,#2461,#2462,#2463,
#2464,#2465,#2466),(#2467,#2468,#2469,#2470,#2471,#2472,#2473,#2474,#2475,
#2476,#2477,#2478,#2479,#2480,#2481,#2482,#2483,#2484,#2485),(#2486,#2487,
#2488,#2489,#2490,#2491,#2492,#2493,#2494,#2495,#2496,#2497,#2498,#2499,
#2500,#2501,#2502,#2503,#2504),(#2505,#2506,#2507,#2508,#2509,#2510,#2511,
#2512,#2513,#2514,#2515,#2516,#2517,#2518,#2519,#2520,#2521,#2522,#2523),
(#2524,#2525,#2526,#2527,#2528,#2529,#2530,#2531,#2532,#2533,#2534,#2535,
#2536,#2537,#2538,#2539,#2540,#2541,#2542),(#2543,#2544,#2545,#2546,#2547,
#2548,#2549,#2550,#2551,#2552,#2553,#2554,#2555,#2556,#2557,#2558,#2559,
#2560,#2561),(#2562,#2563,#2564,#2565,#2566,#2567,#2568,#2569,#2570,#2571,
#2572,#2573,#2574,#2575,#2576,#2577,#2578,#2579,#2580),(#2581,#2582,#2583,
#2584,#2585,#2586,#2587,#2588,#2589,#2590,#2591,#2592,#2593,#2594,#2595,
#2596,#2597,#2598,#2599),(#2600,#2601,#2602,#2603,#2604,#2605,#2606,#2607,
#2608,#2609,#2610,#2611,#2612,#2613,#2614,#2615,#2616,#2617,#2618),(#2619,
#2620,#2621,#2622,#2623,#2624,#2625,#2626,#2627,#2628,#2629,#2630,#2631,
#2632,#2633,#2634,#2635,#2636,#2637),(#2638,#2639,#2640,#2641,#2642,#2643,
#2644,#2645,#2646,#2647,#2648,#2649,#2650,#2651,#2652,#2653,#2654,#2655,
#2656),(#2657,#2658,#2659,#2660,#2661,#2662,#2663,#2664,#2665,#2666,#2667,
#2668,#2669,#2670,#2671,#2672,#2673,#2674,#2675),(#2676,#2677,#2678,#2679,
#2680,#2681,#2682,#2683,#2684,#2685,#2686,#2687,#2688,#2689,#2690,#2691,
#2692,#2693,#2694),(#2695,#2696,#2697,#2698,#2699,#2700,#2701,#2702,#2703,
#2704,#2705,#2706,#2707,#2708,#2709,#2710,#2711,#2712,#2713),(#2714,#2715,
#2716,#2717,#2718,#2719,#2720,#2721,#2722,#2723,#2724,#2725,#2726,#2727,
#2728,#2729,#2730,#2731,#2732),(#2733,#2734,#2735,#2736,#2737,#2738,#2739,
#2740,#2741,#2742,#2743,#2744,#2745,#2746,#2747,#2748,#2749,#2750,#2751),
(#2752,#2753,#2754,#2755,#2756,#2757,#2758,#2759,#2760,#2761,#2762,#2763,
#2764,#2765,#2766,#2767,#2768,#2769,#2770),(#2771,#2772,#2773,#2774,#2775,
#2776,#2777,#2778,#2779,#2780,#2781,#2782,#2783,#2784,#2785,#2786,#2787,
#2788,#2789),(#2790,#2791,#2792,#2793,#2794,#2795,#2796,#2797,#2798,#2799,
#2800,#2801,#2802,#2803,#2804,#2805,#2806,#2807,#2808),(#2809,#2810,#2811,
#2812,#2813,#2814,#2815,#2816,#2817,#2818,#2819,#2820,#2821,#2822,#2823,
#2824,#2825,#2826,#2827),(#2828,#2829,#2830,#2831,#2832,#2833,#2834,#2835,
#2836,#2837,#2838,#2839,#2840,#2841,#2842,#2843,#2844,#2845,#2846),(#2847,
#2848,#2849,#2850,#2851,#2852,#2853,#2854,#2855,#2856,#2857,#2858,#2859,
#2860,#2861,#2862,#2863,#2864,#2865),(#2866,#2867,#2868,#2869,#2870,#2871,
#2872,#2873,#2874,#2875,#2876,#2877,#2878,#2879,#2880,#2881,#2882,#2883,
#2884),(#2885,#2886,#2887,#2888,#2889,#2890,#2891,#2892,#2893,#2894,#2895,
#2896,#2897,#2898,#2899,#2900,#2901,#2902,#2903),(#2904,#2905,#2906,#2907,
#2908,#2909,#2910,#2911,#2912,#2913,#2914,#2915,#2916,#2917,#2918,#2919,
#2920,#2921,#2922),(#2923,#2924,#2925,#2926,#2927,#2928,#2929,#2930,#2931,
#2932,#2933,#2934,#2935,#2936,#2937,#2938,#2939,#2940,#2941),(#2942,#2943,
#2944,#2945,#2946,#2947,#2948,#2949,#2950,#2951,#2952,#2953,#2954,#2955,
#2956,#2957,#2958,#2959,#2960),(#2961,#2962,#2963,#2964,#2965,#2966,#2967,
#2968,#2969,#2970,#2971,#2972,#2973,#2974,#2975,#2976,#2977,#2978,#2979),
(#2980,#2981,#2982,#2983,#2984,#2985,#2986,#2987,#2988,#2989,#2990,#2991,
#2992,#2993,#2994,#2995,#2996,#2997,#2998),(#2999,#3000,#3001,#3002,#3003,
#3004,#3005,#3006,#3007,#3008,#3009,#3010,#3011,#3012,#3013,#3014,#3015,
#3016,#3017),(#3018,#3019,#3020,#3021,#3022,#3023,#3024,#3025,#3026,#3027,
#3028,#3029,#3030,#3031,#3032,#3033,#3034,#3035,#3036),(#3037,#3038,#3039,
#3040,#3041,#3042,#3043,#3044,#3045,#3046,#3047,#3048,#3049,#3050,#3051,
#3052,#3053,#3054,#3055),(#3056,#3057,#3058,#3059,#3060,#3061,#3062,#3063,
#3064,#3065,#3066,#3067,#3068,#3069,#3070,#3071,#3072,#3073,#3074),(#3075,
#3076,#3077,#3078,#3079,#3080,#3081,#3082,#3083,#3084,#3085,#3086,#3087,
#3088,#3089,#3090,#3091,#3092,#3093),(#3094,#3095,#3096,#3097,#3098,#3099,
#3100,#3101,#3102,#3103,#3104,#3105,#3106,#3107,#3108,#3109,#3110,#3111,
#3112)),.UNSPECIFIED.,.F.,.T.,.F.,(4,1,1,1,1,1,1,1,1,1,1,1,1,1,1,1,1,1,
1,1,1,1,1,1,1,1,1,1,1,1,1,1,1,1,1,1,1,1,1,1,1,1,1,1,1,1,1,1,1,1,1,4),(1,
1,1,1,1,1,1,1,1,1,1,1,1,1,1,1,1,1,1,1,1,1,1),(0.,0.0156522538076956,0.0234783807115434,
0.0313045076153913,0.0391306345192391,0.0495654703910361,0.0626090152307825,
0.0782612690384781,0.0991309407820723,0.125218030461565,0.151305120141058,
0.172174791884652,0.187827045692348,0.203479299500043,0.224348971243637,
0.25043606092313,0.281740568538521,0.307827658218014,0.328697329961608,
0.344349583769304,0.360001837576999,0.375654091384695,0.391306345192391,
0.406958599000086,0.422610852807782,0.438263106615478,0.453915360423173,
0.474785032166767,0.495654703910362,0.516524375653956,0.532176629461651,
0.547828883269347,0.563481137077043,0.579133390884738,0.594785644692434,
0.610437898500129,0.626090152307825,0.641742406115521,0.662612077859115,
0.688699167538608,0.720003675153999,0.75130818276939,0.782612690384781,
0.813917198000173,0.845221705615564,0.876526213230955,0.902613302910448,
0.923482974654042,0.939135228461738,0.954787482269433,0.970439736077129,
1.00174424369252),(-1.17809724509617,-0.785398163397448,-0.392699081698725,
0.,0.392699081698724,0.785398163397448,1.17809724509617,1.5707963267949,
1.96349540849362,2.35619449019234,2.74889357189107,3.14159265358979,3.53429173528852,
3.92699081698724,4.31968989868597,4.71238898038469,5.10508806208341,5.49778714378214,
5.89048622548086,6.28318530717959,6.67588438887831,7.06858347057703,7.46128255227576),
 .UNSPECIFIED.);
#188=ORIENTED_EDGE('',*,*,#366,.F.);
#189=ORIENTED_EDGE('',*,*,#367,.F.);
#190=ORIENTED_EDGE('',*,*,#367,.T.);
#191=ORIENTED_EDGE('',*,*,#368,.F.);
#192=ORIENTED_EDGE('',*,*,#369,.F.);
#193=ORIENTED_EDGE('',*,*,#370,.F.);
#194=ORIENTED_EDGE('',*,*,#371,.F.);
#195=ORIENTED_EDGE('',*,*,#372,.F.);
#196=ORIENTED_EDGE('',*,*,#373,.F.);
#197=ORIENTED_EDGE('',*,*,#374,.F.);
#198=ORIENTED_EDGE('',*,*,#375,.F.);
#199=ORIENTED_EDGE('',*,*,#376,.F.);
#200=ORIENTED_EDGE('',*,*,#377,.F.);
#201=ORIENTED_EDGE('',*,*,#378,.F.);
#202=ORIENTED_EDGE('',*,*,#379,.F.);
#203=ORIENTED_EDGE('',*,*,#380,.F.);
#204=ORIENTED_EDGE('',*,*,#381,.F.);
#205=ORIENTED_EDGE('',*,*,#382,.F.);
#206=ORIENTED_EDGE('',*,*,#383,.F.);
#207=ORIENTED_EDGE('',*,*,#384,.F.);
#208=ORIENTED_EDGE('',*,*,#385,.F.);
#209=ORIENTED_EDGE('',*,*,#386,.F.);
#210=ORIENTED_EDGE('',*,*,#387,.F.);
#211=ORIENTED_EDGE('',*,*,#388,.F.);
#212=ORIENTED_EDGE('',*,*,#389,.F.);
#213=ORIENTED_EDGE('',*,*,#390,.F.);
#214=ORIENTED_EDGE('',*,*,#391,.F.);
#215=ORIENTED_EDGE('',*,*,#392,.F.);
#216=ORIENTED_EDGE('',*,*,#393,.F.);
#217=ORIENTED_EDGE('',*,*,#394,.F.);
#218=ORIENTED_EDGE('',*,*,#395,.F.);
#219=ORIENTED_EDGE('',*,*,#396,.T.);
#220=ORIENTED_EDGE('',*,*,#366,.T.);
#221=ORIENTED_EDGE('',*,*,#396,.F.);
#222=ORIENTED_EDGE('',*,*,#397,.T.);
#223=ORIENTED_EDGE('',*,*,#398,.T.);
#224=ORIENTED_EDGE('',*,*,#371,.T.);
#225=ORIENTED_EDGE('',*,*,#399,.F.);
#226=ORIENTED_EDGE('',*,*,#400,.F.);
#227=ORIENTED_EDGE('',*,*,#401,.T.);
#228=ORIENTED_EDGE('',*,*,#369,.T.);
#229=ORIENTED_EDGE('',*,*,#402,.F.);
#230=ORIENTED_EDGE('',*,*,#403,.F.);
#231=ORIENTED_EDGE('',*,*,#404,.T.);
#232=ORIENTED_EDGE('',*,*,#370,.T.);
#233=ORIENTED_EDGE('',*,*,#404,.F.);
#234=ORIENTED_EDGE('',*,*,#405,.F.);
#235=ORIENTED_EDGE('',*,*,#399,.T.);
#236=ORIENTED_EDGE('',*,*,#400,.T.);
#237=ORIENTED_EDGE('',*,*,#405,.T.);
#238=ORIENTED_EDGE('',*,*,#403,.T.);
#239=ORIENTED_EDGE('',*,*,#406,.F.);
#240=ORIENTED_EDGE('',*,*,#395,.T.);
#241=ORIENTED_EDGE('',*,*,#407,.F.);
#242=ORIENTED_EDGE('',*,*,#408,.F.);
#243=ORIENTED_EDGE('',*,*,#409,.T.);
#244=ORIENTED_EDGE('',*,*,#393,.T.);
#245=ORIENTED_EDGE('',*,*,#410,.F.);
#246=ORIENTED_EDGE('',*,*,#411,.F.);
#247=ORIENTED_EDGE('',*,*,#412,.T.);
#248=ORIENTED_EDGE('',*,*,#394,.T.);
#249=ORIENTED_EDGE('',*,*,#412,.F.);
#250=ORIENTED_EDGE('',*,*,#413,.F.);
#251=ORIENTED_EDGE('',*,*,#407,.T.);
#252=ORIENTED_EDGE('',*,*,#408,.T.);
#253=ORIENTED_EDGE('',*,*,#413,.T.);
#254=ORIENTED_EDGE('',*,*,#411,.T.);
#255=ORIENTED_EDGE('',*,*,#414,.F.);
#256=ORIENTED_EDGE('',*,*,#391,.T.);
#257=ORIENTED_EDGE('',*,*,#415,.F.);
#258=ORIENTED_EDGE('',*,*,#416,.F.);
#259=ORIENTED_EDGE('',*,*,#417,.T.);
#260=ORIENTED_EDGE('',*,*,#389,.T.);
#261=ORIENTED_EDGE('',*,*,#418,.F.);
#262=ORIENTED_EDGE('',*,*,#419,.F.);
#263=ORIENTED_EDGE('',*,*,#420,.T.);
#264=ORIENTED_EDGE('',*,*,#390,.T.);
#265=ORIENTED_EDGE('',*,*,#420,.F.);
#266=ORIENTED_EDGE('',*,*,#421,.F.);
#267=ORIENTED_EDGE('',*,*,#415,.T.);
#268=ORIENTED_EDGE('',*,*,#416,.T.);
#269=ORIENTED_EDGE('',*,*,#421,.T.);
#270=ORIENTED_EDGE('',*,*,#419,.T.);
#271=ORIENTED_EDGE('',*,*,#422,.F.);
#272=ORIENTED_EDGE('',*,*,#387,.T.);
#273=ORIENTED_EDGE('',*,*,#423,.F.);
#274=ORIENTED_EDGE('',*,*,#424,.F.);
#275=ORIENTED_EDGE('',*,*,#425,.T.);
#276=ORIENTED_EDGE('',*,*,#385,.T.);
#277=ORIENTED_EDGE('',*,*,#426,.F.);
#278=ORIENTED_EDGE('',*,*,#427,.F.);
#279=ORIENTED_EDGE('',*,*,#428,.T.);
#280=ORIENTED_EDGE('',*,*,#386,.T.);
#281=ORIENTED_EDGE('',*,*,#428,.F.);
#282=ORIENTED_EDGE('',*,*,#429,.F.);
#283=ORIENTED_EDGE('',*,*,#423,.T.);
#284=ORIENTED_EDGE('',*,*,#424,.T.);
#285=ORIENTED_EDGE('',*,*,#429,.T.);
#286=ORIENTED_EDGE('',*,*,#427,.T.);
#287=ORIENTED_EDGE('',*,*,#430,.F.);
#288=ORIENTED_EDGE('',*,*,#383,.T.);
#289=ORIENTED_EDGE('',*,*,#431,.F.);
#290=ORIENTED_EDGE('',*,*,#432,.F.);
#291=ORIENTED_EDGE('',*,*,#433,.T.);
#292=ORIENTED_EDGE('',*,*,#381,.T.);
#293=ORIENTED_EDGE('',*,*,#434,.F.);
#294=ORIENTED_EDGE('',*,*,#435,.F.);
#295=ORIENTED_EDGE('',*,*,#436,.T.);
#296=ORIENTED_EDGE('',*,*,#382,.T.);
#297=ORIENTED_EDGE('',*,*,#436,.F.);
#298=ORIENTED_EDGE('',*,*,#437,.F.);
#299=ORIENTED_EDGE('',*,*,#431,.T.);
#300=ORIENTED_EDGE('',*,*,#432,.T.);
#301=ORIENTED_EDGE('',*,*,#437,.T.);
#302=ORIENTED_EDGE('',*,*,#435,.T.);
#303=ORIENTED_EDGE('',*,*,#438,.F.);
#304=ORIENTED_EDGE('',*,*,#379,.T.);
#305=ORIENTED_EDGE('',*,*,#439,.F.);
#306=ORIENTED_EDGE('',*,*,#440,.F.);
#307=ORIENTED_EDGE('',*,*,#441,.T.);
#308=ORIENTED_EDGE('',*,*,#377,.T.);
#309=ORIENTED_EDGE('',*,*,#442,.F.);
#310=ORIENTED_EDGE('',*,*,#443,.F.);
#311=ORIENTED_EDGE('',*,*,#444,.T.);
#312=ORIENTED_EDGE('',*,*,#378,.T.);
#313=ORIENTED_EDGE('',*,*,#444,.F.);
#314=ORIENTED_EDGE('',*,*,#445,.F.);
#315=ORIENTED_EDGE('',*,*,#439,.T.);
#316=ORIENTED_EDGE('',*,*,#440,.T.);
#317=ORIENTED_EDGE('',*,*,#445,.T.);
#318=ORIENTED_EDGE('',*,*,#443,.T.);
#319=ORIENTED_EDGE('',*,*,#446,.F.);
#320=ORIENTED_EDGE('',*,*,#373,.T.);
#321=ORIENTED_EDGE('',*,*,#447,.F.);
#322=ORIENTED_EDGE('',*,*,#448,.F.);
#323=ORIENTED_EDGE('',*,*,#449,.T.);
#324=ORIENTED_EDGE('',*,*,#374,.T.);
#325=ORIENTED_EDGE('',*,*,#449,.F.);
#326=ORIENTED_EDGE('',*,*,#450,.F.);
#327=ORIENTED_EDGE('',*,*,#451,.T.);
#328=ORIENTED_EDGE('',*,*,#375,.T.);
#329=ORIENTED_EDGE('',*,*,#451,.F.);
#330=ORIENTED_EDGE('',*,*,#452,.F.);
#331=ORIENTED_EDGE('',*,*,#453,.T.);
#332=ORIENTED_EDGE('',*,*,#448,.T.);
#333=ORIENTED_EDGE('',*,*,#454,.F.);
#334=ORIENTED_EDGE('',*,*,#452,.T.);
#335=ORIENTED_EDGE('',*,*,#450,.T.);
#336=ORIENTED_EDGE('',*,*,#397,.F.);
#337=ORIENTED_EDGE('',*,*,#380,.T.);
#338=ORIENTED_EDGE('',*,*,#441,.F.);
#339=ORIENTED_EDGE('',*,*,#446,.T.);
#340=ORIENTED_EDGE('',*,*,#442,.T.);
#341=ORIENTED_EDGE('',*,*,#376,.T.);
#342=ORIENTED_EDGE('',*,*,#453,.F.);
#343=ORIENTED_EDGE('',*,*,#454,.T.);
#344=ORIENTED_EDGE('',*,*,#447,.T.);
#345=ORIENTED_EDGE('',*,*,#372,.T.);
#346=ORIENTED_EDGE('',*,*,#401,.F.);
#347=ORIENTED_EDGE('',*,*,#406,.T.);
#348=ORIENTED_EDGE('',*,*,#402,.T.);
#349=ORIENTED_EDGE('',*,*,#368,.T.);
#350=ORIENTED_EDGE('',*,*,#409,.F.);
#351=ORIENTED_EDGE('',*,*,#414,.T.);
#352=ORIENTED_EDGE('',*,*,#410,.T.);
#353=ORIENTED_EDGE('',*,*,#392,.T.);
#354=ORIENTED_EDGE('',*,*,#417,.F.);
#355=ORIENTED_EDGE('',*,*,#422,.T.);
#356=ORIENTED_EDGE('',*,*,#418,.T.);
#357=ORIENTED_EDGE('',*,*,#388,.T.);
#358=ORIENTED_EDGE('',*,*,#425,.F.);
#359=ORIENTED_EDGE('',*,*,#430,.T.);
#360=ORIENTED_EDGE('',*,*,#426,.T.);
#361=ORIENTED_EDGE('',*,*,#384,.T.);
#362=ORIENTED_EDGE('',*,*,#433,.F.);
#363=ORIENTED_EDGE('',*,*,#438,.T.);
#364=ORIENTED_EDGE('',*,*,#434,.T.);
#365=ORIENTED_EDGE('',*,*,#398,.F.);
#366=EDGE_CURVE('',#455,#455,#518,.F.);
#367=EDGE_CURVE('',#456,#456,#519,.T.);
#368=EDGE_CURVE('',#458,#459,#520,.T.);
#369=EDGE_CURVE('',#460,#458,#14,.T.);
#370=EDGE_CURVE('',#461,#460,#15,.T.);
#371=EDGE_CURVE('',#462,#461,#16,.T.);
#372=EDGE_CURVE('',#463,#462,#521,.T.);
#373=EDGE_CURVE('',#464,#463,#17,.T.);
#374=EDGE_CURVE('',#465,#464,#18,.T.);
#375=EDGE_CURVE('',#466,#465,#19,.T.);
#376=EDGE_CURVE('',#467,#466,#522,.T.);
#377=EDGE_CURVE('',#468,#467,#20,.T.);
#378=EDGE_CURVE('',#469,#468,#21,.T.);
#379=EDGE_CURVE('',#470,#469,#22,.T.);
#380=EDGE_CURVE('',#471,#470,#523,.T.);
#381=EDGE_CURVE('',#472,#471,#23,.T.);
#382=EDGE_CURVE('',#473,#472,#24,.T.);
#383=EDGE_CURVE('',#474,#473,#25,.T.);
#384=EDGE_CURVE('',#475,#474,#524,.T.);
#385=EDGE_CURVE('',#476,#475,#26,.T.);
#386=EDGE_CURVE('',#477,#476,#27,.T.);
#387=EDGE_CURVE('',#478,#477,#28,.T.);
#388=EDGE_CURVE('',#479,#478,#525,.T.);
#389=EDGE_CURVE('',#480,#479,#29,.T.);
#390=EDGE_CURVE('',#481,#480,#30,.T.);
#391=EDGE_CURVE('',#482,#481,#31,.T.);
#392=EDGE_CURVE('',#483,#482,#526,.T.);
#393=EDGE_CURVE('',#484,#483,#32,.T.);
#394=EDGE_CURVE('',#485,#484,#33,.T.);
#395=EDGE_CURVE('',#459,#485,#34,.T.);
#396=EDGE_CURVE('',#486,#486,#527,.T.);
#397=EDGE_CURVE('',#487,#487,#528,.T.);
#398=EDGE_CURVE('',#488,#488,#529,.F.);
#399=EDGE_CURVE('',#489,#461,#35,.T.);
#400=EDGE_CURVE('',#490,#489,#36,.T.);
#401=EDGE_CURVE('',#490,#462,#37,.T.);
#402=EDGE_CURVE('',#491,#458,#38,.T.);
#403=EDGE_CURVE('',#492,#491,#39,.T.);
#404=EDGE_CURVE('',#492,#460,#40,.T.);
#405=EDGE_CURVE('',#489,#492,#41,.T.);
#406=EDGE_CURVE('',#490,#491,#530,.T.);
#407=EDGE_CURVE('',#493,#485,#42,.T.);
#408=EDGE_CURVE('',#494,#493,#43,.T.);
#409=EDGE_CURVE('',#494,#459,#44,.T.);
#410=EDGE_CURVE('',#495,#483,#45,.T.);
#411=EDGE_CURVE('',#496,#495,#46,.T.);
#412=EDGE_CURVE('',#496,#484,#47,.T.);
#413=EDGE_CURVE('',#493,#496,#48,.T.);
#414=EDGE_CURVE('',#494,#495,#531,.T.);
#415=EDGE_CURVE('',#497,#481,#49,.T.);
#416=EDGE_CURVE('',#498,#497,#50,.T.);
#417=EDGE_CURVE('',#498,#482,#51,.T.);
#418=EDGE_CURVE('',#499,#479,#52,.T.);
#419=EDGE_CURVE('',#500,#499,#53,.T.);
#420=EDGE_CURVE('',#500,#480,#54,.T.);
#421=EDGE_CURVE('',#497,#500,#55,.T.);
#422=EDGE_CURVE('',#498,#499,#532,.T.);
#423=EDGE_CURVE('',#501,#477,#56,.T.);
#424=EDGE_CURVE('',#502,#501,#57,.T.);
#425=EDGE_CURVE('',#502,#478,#58,.T.);
#426=EDGE_CURVE('',#503,#475,#59,.T.);
#427=EDGE_CURVE('',#504,#503,#60,.T.);
#428=EDGE_CURVE('',#504,#476,#61,.T.);
#429=EDGE_CURVE('',#501,#504,#62,.T.);
#430=EDGE_CURVE('',#502,#503,#533,.T.);
#431=EDGE_CURVE('',#505,#473,#63,.T.);
#432=EDGE_CURVE('',#506,#505,#64,.T.);
#433=EDGE_CURVE('',#506,#474,#65,.T.);
#434=EDGE_CURVE('',#507,#471,#66,.T.);
#435=EDGE_CURVE('',#508,#507,#67,.T.);
#436=EDGE_CURVE('',#508,#472,#68,.T.);
#437=EDGE_CURVE('',#505,#508,#69,.T.);
#438=EDGE_CURVE('',#506,#507,#534,.T.);
#439=EDGE_CURVE('',#509,#469,#70,.T.);
#440=EDGE_CURVE('',#510,#509,#71,.T.);
#441=EDGE_CURVE('',#510,#470,#72,.T.);
#442=EDGE_CURVE('',#511,#467,#73,.T.);
#443=EDGE_CURVE('',#512,#511,#74,.T.);
#444=EDGE_CURVE('',#512,#468,#75,.T.);
#445=EDGE_CURVE('',#509,#512,#76,.T.);
#446=EDGE_CURVE('',#510,#511,#535,.T.);
#447=EDGE_CURVE('',#513,#463,#77,.T.);
#448=EDGE_CURVE('',#514,#513,#78,.T.);
#449=EDGE_CURVE('',#514,#464,#79,.T.);
#450=EDGE_CURVE('',#515,#514,#80,.T.);
#451=EDGE_CURVE('',#515,#465,#81,.T.);
#452=EDGE_CURVE('',#516,#515,#82,.T.);
#453=EDGE_CURVE('',#516,#466,#83,.T.);
#454=EDGE_CURVE('',#516,#513,#536,.T.);
#455=VERTEX_POINT('',#899);
#456=VERTEX_POINT('',#901);
#457=VERTEX_POINT('',#1909);
#458=VERTEX_POINT('',#1912);
#459=VERTEX_POINT('',#1913);
#460=VERTEX_POINT('',#1915);
#461=VERTEX_POINT('',#1917);
#462=VERTEX_POINT('',#1919);
#463=VERTEX_POINT('',#1921);
#464=VERTEX_POINT('',#1923);
#465=VERTEX_POINT('',#1925);
#466=VERTEX_POINT('',#1927);
#467=VERTEX_POINT('',#1929);
#468=VERTEX_POINT('',#1931);
#469=VERTEX_POINT('',#1933);
#470=VERTEX_POINT('',#1935);
#471=VERTEX_POINT('',#1937);
#472=VERTEX_POINT('',#1939);
#473=VERTEX_POINT('',#1941);
#474=VERTEX_POINT('',#1943);
#475=VERTEX_POINT('',#1945);
#476=VERTEX_POINT('',#1947);
#477=VERTEX_POINT('',#1949);
#478=VERTEX_POINT('',#1951);
#479=VERTEX_POINT('',#1953);
#480=VERTEX_POINT('',#1955);
#481=VERTEX_POINT('',#1957);
#482=VERTEX_POINT('',#1959);
#483=VERTEX_POINT('',#1961);
#484=VERTEX_POINT('',#1963);
#485=VERTEX_POINT('',#1965);
#486=VERTEX_POINT('',#1968);
#487=VERTEX_POINT('',#1972);
#488=VERTEX_POINT('',#1974);
#489=VERTEX_POINT('',#1977);
#490=VERTEX_POINT('',#1979);
#491=VERTEX_POINT('',#1983);
#492=VERTEX_POINT('',#1985);
#493=VERTEX_POINT('',#1993);
#494=VERTEX_POINT('',#1995);
#495=VERTEX_POINT('',#1999);
#496=VERTEX_POINT('',#2001);
#497=VERTEX_POINT('',#2009);
#498=VERTEX_POINT('',#2011);
#499=VERTEX_POINT('',#2015);
#500=VERTEX_POINT('',#2017);
#501=VERTEX_POINT('',#2025);
#502=VERTEX_POINT('',#2027);
#503=VERTEX_POINT('',#2031);
#504=VERTEX_POINT('',#2033);
#505=VERTEX_POINT('',#2041);
#506=VERTEX_POINT('',#2043);
#507=VERTEX_POINT('',#2047);
#508=VERTEX_POINT('',#2049);
#509=VERTEX_POINT('',#2057);
#510=VERTEX_POINT('',#2059);
#511=VERTEX_POINT('',#2063);
#512=VERTEX_POINT('',#2065);
#513=VERTEX_POINT('',#2073);
#514=VERTEX_POINT('',#2075);
#515=VERTEX_POINT('',#2079);
#516=VERTEX_POINT('',#2083);
#517=VERTEX_POINT('',#3113);
#518=CIRCLE('',#669,0.0075);
#519=CIRCLE('',#670,0.0075540179327742);
#520=CIRCLE('',#672,0.0065);
#521=CIRCLE('',#673,0.0065);
#522=CIRCLE('',#674,0.0065);
#523=CIRCLE('',#675,0.0065);
#524=CIRCLE('',#676,0.0065);
#525=CIRCLE('',#677,0.0065);
#526=CIRCLE('',#678,0.0065);
#527=CIRCLE('',#679,0.0075);
#528=CIRCLE('',#682,0.00715621641091096);
#529=CIRCLE('',#683,0.0065);
#530=CIRCLE('',#688,0.0065);
#531=CIRCLE('',#693,0.0065);
#532=CIRCLE('',#698,0.0065);
#533=CIRCLE('',#703,0.0065);
#534=CIRCLE('',#708,0.0065);
#535=CIRCLE('',#713,0.0065);
#536=CIRCLE('',#718,0.0065);
#537=EDGE_LOOP('',(#188));
#538=EDGE_LOOP('',(#189));
#539=EDGE_LOOP('',(#190));
#540=EDGE_LOOP('',(#191,#192,#193,#194,#195,#196,#197,#198,#199,#200,#201,
#202,#203,#204,#205,#206,#207,#208,#209,#210,#211,#212,#213,#214,#215,#216,
#217,#218));
#541=EDGE_LOOP('',(#219));
#542=EDGE_LOOP('',(#220));
#543=EDGE_LOOP('',(#221));
#544=EDGE_LOOP('',(#222));
#545=EDGE_LOOP('',(#223));
#546=EDGE_LOOP('',(#224,#225,#226,#227));
#547=EDGE_LOOP('',(#228,#229,#230,#231));
#548=EDGE_LOOP('',(#232,#233,#234,#235));
#549=EDGE_LOOP('',(#236,#237,#238,#239));
#550=EDGE_LOOP('',(#240,#241,#242,#243));
#551=EDGE_LOOP('',(#244,#245,#246,#247));
#552=EDGE_LOOP('',(#248,#249,#250,#251));
#553=EDGE_LOOP('',(#252,#253,#254,#255));
#554=EDGE_LOOP('',(#256,#257,#258,#259));
#555=EDGE_LOOP('',(#260,#261,#262,#263));
#556=EDGE_LOOP('',(#264,#265,#266,#267));
#557=EDGE_LOOP('',(#268,#269,#270,#271));
#558=EDGE_LOOP('',(#272,#273,#274,#275));
#559=EDGE_LOOP('',(#276,#277,#278,#279));
#560=EDGE_LOOP('',(#280,#281,#282,#283));
#561=EDGE_LOOP('',(#284,#285,#286,#287));
#562=EDGE_LOOP('',(#288,#289,#290,#291));
#563=EDGE_LOOP('',(#292,#293,#294,#295));
#564=EDGE_LOOP('',(#296,#297,#298,#299));
#565=EDGE_LOOP('',(#300,#301,#302,#303));
#566=EDGE_LOOP('',(#304,#305,#306,#307));
#567=EDGE_LOOP('',(#308,#309,#310,#311));
#568=EDGE_LOOP('',(#312,#313,#314,#315));
#569=EDGE_LOOP('',(#316,#317,#318,#319));
#570=EDGE_LOOP('',(#320,#321,#322,#323));
#571=EDGE_LOOP('',(#324,#325,#326,#327));
#572=EDGE_LOOP('',(#328,#329,#330,#331));
#573=EDGE_LOOP('',(#332,#333,#334,#335));
#574=EDGE_LOOP('',(#336));
#575=EDGE_LOOP('',(#337,#338,#339,#340,#341,#342,#343,#344,#345,#346,#347,
#348,#349,#350,#351,#352,#353,#354,#355,#356,#357,#358,#359,#360,#361,#362,
#363,#364));
#576=EDGE_LOOP('',(#365));
#577=FACE_BOUND('',#537,.T.);
#578=FACE_BOUND('',#538,.T.);
#579=FACE_BOUND('',#539,.T.);
#580=FACE_BOUND('',#184,.T.);
#581=FACE_BOUND('',#540,.T.);
#582=FACE_BOUND('',#541,.T.);
#583=FACE_BOUND('',#542,.T.);
#584=FACE_BOUND('',#543,.T.);
#585=FACE_BOUND('',#544,.T.);
#586=FACE_BOUND('',#545,.T.);
#587=FACE_BOUND('',#546,.T.);
#588=FACE_BOUND('',#547,.T.);
#589=FACE_BOUND('',#548,.T.);
#590=FACE_BOUND('',#549,.T.);
#591=FACE_BOUND('',#550,.T.);
#592=FACE_BOUND('',#551,.T.);
#593=FACE_BOUND('',#552,.T.);
#594=FACE_BOUND('',#553,.T.);
#595=FACE_BOUND('',#554,.T.);
#596=FACE_BOUND('',#555,.T.);
#597=FACE_BOUND('',#556,.T.);
#598=FACE_BOUND('',#557,.T.);
#599=FACE_BOUND('',#558,.T.);
#600=FACE_BOUND('',#559,.T.);
#601=FACE_BOUND('',#560,.T.);
#602=FACE_BOUND('',#561,.T.);
#603=FACE_BOUND('',#562,.T.);
#604=FACE_BOUND('',#563,.T.);
#605=FACE_BOUND('',#564,.T.);
#606=FACE_BOUND('',#565,.T.);
#607=FACE_BOUND('',#566,.T.);
#608=FACE_BOUND('',#567,.T.);
#609=FACE_BOUND('',#568,.T.);
#610=FACE_BOUND('',#569,.T.);
#611=FACE_BOUND('',#570,.T.);
#612=FACE_BOUND('',#571,.T.);
#613=FACE_BOUND('',#572,.T.);
#614=FACE_BOUND('',#573,.T.);
#615=FACE_BOUND('',#574,.T.);
#616=FACE_BOUND('',#185,.T.);
#617=FACE_BOUND('',#575,.T.);
#618=FACE_BOUND('',#576,.T.);
#619=CONICAL_SURFACE('',#668,0.0075540179327742,0.0141045389927459);
#620=ADVANCED_FACE('',(#577,#578),#619,.T.);
#621=ADVANCED_FACE('',(#579,#580),#186,.T.);
#622=ADVANCED_FACE('',(#581,#582),#154,.T.);
#623=ADVANCED_FACE('',(#583,#584),#12,.T.);
#624=ADVANCED_FACE('',(#585,#586),#155,.T.);
#625=ADVANCED_FACE('',(#587),#156,.F.);
#626=ADVANCED_FACE('',(#588),#157,.F.);
#627=ADVANCED_FACE('',(#589),#158,.F.);
#628=ADVANCED_FACE('',(#590),#159,.F.);
#629=ADVANCED_FACE('',(#591),#160,.F.);
#630=ADVANCED_FACE('',(#592),#161,.F.);
#631=ADVANCED_FACE('',(#593),#162,.F.);
#632=ADVANCED_FACE('',(#594),#163,.F.);
#633=ADVANCED_FACE('',(#595),#164,.F.);
#634=ADVANCED_FACE('',(#596),#165,.F.);
#635=ADVANCED_FACE('',(#597),#166,.F.);
#636=ADVANCED_FACE('',(#598),#167,.F.);
#637=ADVANCED_FACE('',(#599),#168,.F.);
#638=ADVANCED_FACE('',(#600),#169,.F.);
#639=ADVANCED_FACE('',(#601),#170,.F.);
#640=ADVANCED_FACE('',(#602),#171,.F.);
#641=ADVANCED_FACE('',(#603),#172,.F.);
#642=ADVANCED_FACE('',(#604),#173,.F.);
#643=ADVANCED_FACE('',(#605),#174,.F.);
#644=ADVANCED_FACE('',(#606),#175,.F.);
#645=ADVANCED_FACE('',(#607),#176,.F.);
#646=ADVANCED_FACE('',(#608),#177,.F.);
#647=ADVANCED_FACE('',(#609),#178,.F.);
#648=ADVANCED_FACE('',(#610),#179,.F.);
#649=ADVANCED_FACE('',(#611),#180,.F.);
#650=ADVANCED_FACE('',(#612),#181,.F.);
#651=ADVANCED_FACE('',(#613),#182,.F.);
#652=ADVANCED_FACE('',(#614),#183,.F.);
#653=ADVANCED_FACE('',(#615,#616),#187,.F.);
#654=ADVANCED_FACE('',(#617,#618),#13,.F.);
#655=CLOSED_SHELL('',(#620,#621,#622,#623,#624,#625,#626,#627,#628,#629,
#630,#631,#632,#633,#634,#635,#636,#637,#638,#639,#640,#641,#642,#643,#644,
#645,#646,#647,#648,#649,#650,#651,#652,#653,#654));
#656=STYLED_ITEM('',(#657),#664);
#657=PRESENTATION_STYLE_ASSIGNMENT((#658));
#658=SURFACE_STYLE_USAGE(.BOTH.,#659);
#659=SURFACE_SIDE_STYLE('',(#660));
#660=SURFACE_STYLE_FILL_AREA(#661);
#661=FILL_AREA_STYLE('',(#662));
#662=FILL_AREA_STYLE_COLOUR('',#663);
#663=COLOUR_RGB('',0.615686274509804,0.811764705882353,0.929411764705882);
#664=MANIFOLD_SOLID_BREP('Part 1',#655);
#665=SHAPE_DEFINITION_REPRESENTATION(#3121,#666);
#666=SHAPE_REPRESENTATION('Part 1',(#667),#3116);
#667=AXIS2_PLACEMENT_3D('',#896,#720,#721);
#668=AXIS2_PLACEMENT_3D('',#897,#722,#723);
#669=AXIS2_PLACEMENT_3D('',#898,#724,#725);
#670=AXIS2_PLACEMENT_3D('',#900,#726,#727);
#671=AXIS2_PLACEMENT_3D('',#1910,#728,#729);
#672=AXIS2_PLACEMENT_3D('',#1911,#730,#731);
#673=AXIS2_PLACEMENT_3D('',#1920,#735,#736);
#674=AXIS2_PLACEMENT_3D('',#1928,#740,#741);
#675=AXIS2_PLACEMENT_3D('',#1936,#745,#746);
#676=AXIS2_PLACEMENT_3D('',#1944,#750,#751);
#677=AXIS2_PLACEMENT_3D('',#1952,#755,#756);
#678=AXIS2_PLACEMENT_3D('',#1960,#760,#761);
#679=AXIS2_PLACEMENT_3D('',#1967,#765,#766);
#680=AXIS2_PLACEMENT_3D('',#1969,#767,#768);
#681=AXIS2_PLACEMENT_3D('',#1970,#769,#770);
#682=AXIS2_PLACEMENT_3D('',#1971,#771,#772);
#683=AXIS2_PLACEMENT_3D('',#1973,#773,#774);
#684=AXIS2_PLACEMENT_3D('',#1975,#775,#776);
#685=AXIS2_PLACEMENT_3D('',#1981,#780,#781);
#686=AXIS2_PLACEMENT_3D('',#1987,#785,#786);
#687=AXIS2_PLACEMENT_3D('',#1989,#788,#789);
#688=AXIS2_PLACEMENT_3D('',#1990,#790,#791);
#689=AXIS2_PLACEMENT_3D('',#1991,#792,#793);
#690=AXIS2_PLACEMENT_3D('',#1997,#797,#798);
#691=AXIS2_PLACEMENT_3D('',#2003,#802,#803);
#692=AXIS2_PLACEMENT_3D('',#2005,#805,#806);
#693=AXIS2_PLACEMENT_3D('',#2006,#807,#808);
#694=AXIS2_PLACEMENT_3D('',#2007,#809,#810);
#695=AXIS2_PLACEMENT_3D('',#2013,#814,#815);
#696=AXIS2_PLACEMENT_3D('',#2019,#819,#820);
#697=AXIS2_PLACEMENT_3D('',#2021,#822,#823);
#698=AXIS2_PLACEMENT_3D('',#2022,#824,#825);
#699=AXIS2_PLACEMENT_3D('',#2023,#826,#827);
#700=AXIS2_PLACEMENT_3D('',#2029,#831,#832);
#701=AXIS2_PLACEMENT_3D('',#2035,#836,#837);
#702=AXIS2_PLACEMENT_3D('',#2037,#839,#840);
#703=AXIS2_PLACEMENT_3D('',#2038,#841,#842);
#704=AXIS2_PLACEMENT_3D('',#2039,#843,#844);
#705=AXIS2_PLACEMENT_3D('',#2045,#848,#849);
#706=AXIS2_PLACEMENT_3D('',#2051,#853,#854);
#707=AXIS2_PLACEMENT_3D('',#2053,#856,#857);
#708=AXIS2_PLACEMENT_3D('',#2054,#858,#859);
#709=AXIS2_PLACEMENT_3D('',#2055,#860,#861);
#710=AXIS2_PLACEMENT_3D('',#2061,#865,#866);
#711=AXIS2_PLACEMENT_3D('',#2067,#870,#871);
#712=AXIS2_PLACEMENT_3D('',#2069,#873,#874);
#713=AXIS2_PLACEMENT_3D('',#2070,#875,#876);
#714=AXIS2_PLACEMENT_3D('',#2071,#877,#878);
#715=AXIS2_PLACEMENT_3D('',#2077,#882,#883);
#716=AXIS2_PLACEMENT_3D('',#2081,#886,#887);
#717=AXIS2_PLACEMENT_3D('',#2085,#890,#891);
#718=AXIS2_PLACEMENT_3D('',#2086,#892,#893);
#719=AXIS2_PLACEMENT_3D('',#3114,#894,#895);
#720=DIRECTION('',(0.,0.,1.));
#721=DIRECTION('',(1.,0.,0.));
#722=DIRECTION('',(0.,0.,-1.));
#723=DIRECTION('',(-1.,0.,0.));
#724=DIRECTION('',(0.,0.,-1.));
#725=DIRECTION('',(-1.,0.,0.));
#726=DIRECTION('',(0.,0.,-1.));
#727=DIRECTION('',(-1.,0.,0.));
#728=DIRECTION('',(0.,0.,1.));
#729=DIRECTION('',(1.,0.,0.));
#730=DIRECTION('',(0.,0.,1.));
#731=DIRECTION('',(1.,0.,0.));
#732=DIRECTION('',(0.655039298928227,0.755594809973981,0.));
#733=DIRECTION('',(-0.755594809973981,0.655039298928227,0.));
#734=DIRECTION('',(-0.655039298928227,-0.755594809973981,0.));
#735=DIRECTION('',(0.,0.,1.));
#736=DIRECTION('',(1.,0.,0.));
#737=DIRECTION('',(0.999158133125551,-0.0410246877997094,0.));
#738=DIRECTION('',(0.0410246877997097,0.999158133125551,0.));
#739=DIRECTION('',(-0.999158133125551,0.0410246877997096,0.));
#740=DIRECTION('',(0.,0.,1.));
#741=DIRECTION('',(1.,0.,0.));
#742=DIRECTION('',(0.590890513967757,-0.806751758909096,0.));
#743=DIRECTION('',(0.806751758909096,0.590890513967757,0.));
#744=DIRECTION('',(-0.590890513967757,0.806751758909096,0.));
#745=DIRECTION('',(0.,0.,1.));
#746=DIRECTION('',(1.,0.,0.));
#747=DIRECTION('',(-0.262329714177627,-0.964978300823125,0.));
#748=DIRECTION('',(0.964978300823124,-0.262329714177628,0.));
#749=DIRECTION('',(0.262329714177627,0.964978300823124,0.));
#750=DIRECTION('',(0.,0.,1.));
#751=DIRECTION('',(1.,0.,0.));
#752=DIRECTION('',(-0.918010316996291,-0.396556500247278,0.));
#753=DIRECTION('',(0.396556500247278,-0.918010316996291,0.));
#754=DIRECTION('',(0.918010316996291,0.396556500247279,0.));
#755=DIRECTION('',(0.,0.,1.));
#756=DIRECTION('',(1.,0.,0.));
#757=DIRECTION('',(-0.882410427118954,0.470480433293188,0.));
#758=DIRECTION('',(-0.470480433293188,-0.882410427118954,0.));
#759=DIRECTION('',(0.882410427118954,-0.470480433293187,0.));
#760=DIRECTION('',(0.,0.,1.));
#761=DIRECTION('',(1.,0.,0.));
#762=DIRECTION('',(-0.182337487728663,0.98323600451204,0.));
#763=DIRECTION('',(-0.98323600451204,-0.182337487728663,0.));
#764=DIRECTION('',(0.182337487728663,-0.98323600451204,0.));
#765=DIRECTION('',(0.,0.,1.));
#766=DIRECTION('',(1.,0.,0.));
#767=DIRECTION('',(0.,0.,1.));
#768=DIRECTION('',(1.,0.,0.));
#769=DIRECTION('',(0.,0.,-1.));
#770=DIRECTION('',(1.,0.,0.));
#771=DIRECTION('',(0.,0.,-1.));
#772=DIRECTION('',(-1.,0.,0.));
#773=DIRECTION('',(0.,0.,-1.));
#774=DIRECTION('',(-1.,0.,0.));
#775=DIRECTION('',(-0.755594809973981,0.655039298928228,0.));
#776=DIRECTION('',(-0.655039298928228,-0.755594809973981,0.));
#777=DIRECTION('',(0.,0.,1.));
#778=DIRECTION('',(-0.655039298928227,-0.755594809973981,0.));
#779=DIRECTION('',(0.,0.,1.));
#780=DIRECTION('',(0.755594809973981,-0.655039298928227,0.));
#781=DIRECTION('',(0.655039298928227,0.755594809973981,0.));
#782=DIRECTION('',(0.,0.,1.));
#783=DIRECTION('',(0.655039298928227,0.755594809973981,0.));
#784=DIRECTION('',(0.,0.,1.));
#785=DIRECTION('',(0.655039298928227,0.755594809973981,0.));
#786=DIRECTION('',(-0.755594809973981,0.655039298928227,0.));
#787=DIRECTION('',(-0.755594809973981,0.655039298928227,0.));
#788=DIRECTION('',(0.,0.,1.));
#789=DIRECTION('',(1.,0.,0.));
#790=DIRECTION('',(0.,0.,1.));
#791=DIRECTION('',(1.,0.,0.));
#792=DIRECTION('',(-0.98323600451204,-0.182337487728663,0.));
#793=DIRECTION('',(0.182337487728663,-0.98323600451204,0.));
#794=DIRECTION('',(0.,0.,1.));
#795=DIRECTION('',(0.182337487728663,-0.98323600451204,0.));
#796=DIRECTION('',(0.,0.,1.));
#797=DIRECTION('',(0.98323600451204,0.182337487728663,0.));
#798=DIRECTION('',(-0.182337487728663,0.98323600451204,0.));
#799=DIRECTION('',(0.,0.,1.));
#800=DIRECTION('',(-0.182337487728663,0.98323600451204,0.));
#801=DIRECTION('',(0.,0.,1.));
#802=DIRECTION('',(-0.182337487728663,0.98323600451204,0.));
#803=DIRECTION('',(-0.98323600451204,-0.182337487728663,0.));
#804=DIRECTION('',(-0.98323600451204,-0.182337487728663,0.));
#805=DIRECTION('',(0.,0.,1.));
#806=DIRECTION('',(1.,0.,0.));
#807=DIRECTION('',(0.,0.,1.));
#808=DIRECTION('',(1.,0.,0.));
#809=DIRECTION('',(-0.470480433293187,-0.882410427118954,0.));
#810=DIRECTION('',(0.882410427118954,-0.470480433293187,0.));
#811=DIRECTION('',(0.,0.,1.));
#812=DIRECTION('',(0.882410427118954,-0.470480433293187,0.));
#813=DIRECTION('',(0.,0.,1.));
#814=DIRECTION('',(0.470480433293188,0.882410427118954,0.));
#815=DIRECTION('',(-0.882410427118954,0.470480433293188,0.));
#816=DIRECTION('',(0.,0.,1.));
#817=DIRECTION('',(-0.882410427118954,0.470480433293188,0.));
#818=DIRECTION('',(0.,0.,1.));
#819=DIRECTION('',(-0.882410427118954,0.470480433293188,0.));
#820=DIRECTION('',(-0.470480433293188,-0.882410427118954,0.));
#821=DIRECTION('',(-0.470480433293188,-0.882410427118954,0.));
#822=DIRECTION('',(0.,0.,1.));
#823=DIRECTION('',(1.,0.,0.));
#824=DIRECTION('',(0.,0.,1.));
#825=DIRECTION('',(1.,0.,0.));
#826=DIRECTION('',(0.396556500247279,-0.918010316996291,0.));
#827=DIRECTION('',(0.918010316996291,0.396556500247279,0.));
#828=DIRECTION('',(0.,0.,1.));
#829=DIRECTION('',(0.918010316996291,0.396556500247279,0.));
#830=DIRECTION('',(0.,0.,1.));
#831=DIRECTION('',(-0.396556500247278,0.918010316996291,0.));
#832=DIRECTION('',(-0.918010316996291,-0.396556500247278,0.));
#833=DIRECTION('',(0.,0.,1.));
#834=DIRECTION('',(-0.918010316996291,-0.396556500247278,0.));
#835=DIRECTION('',(0.,0.,1.));
#836=DIRECTION('',(-0.918010316996291,-0.396556500247278,0.));
#837=DIRECTION('',(0.396556500247278,-0.918010316996291,0.));
#838=DIRECTION('',(0.396556500247278,-0.918010316996291,0.));
#839=DIRECTION('',(0.,0.,1.));
#840=DIRECTION('',(1.,0.,0.));
#841=DIRECTION('',(0.,0.,1.));
#842=DIRECTION('',(1.,0.,0.));
#843=DIRECTION('',(0.964978300823124,-0.262329714177627,0.));
#844=DIRECTION('',(0.262329714177627,0.964978300823124,0.));
#845=DIRECTION('',(0.,0.,1.));
#846=DIRECTION('',(0.262329714177627,0.964978300823124,0.));
#847=DIRECTION('',(0.,0.,1.));
#848=DIRECTION('',(-0.964978300823125,0.262329714177627,0.));
#849=DIRECTION('',(-0.262329714177627,-0.964978300823125,0.));
#850=DIRECTION('',(0.,0.,1.));
#851=DIRECTION('',(-0.262329714177627,-0.964978300823125,0.));
#852=DIRECTION('',(0.,0.,1.));
#853=DIRECTION('',(-0.262329714177628,-0.964978300823124,0.));
#854=DIRECTION('',(0.964978300823124,-0.262329714177628,0.));
#855=DIRECTION('',(0.964978300823124,-0.262329714177628,0.));
#856=DIRECTION('',(0.,0.,1.));
#857=DIRECTION('',(1.,0.,0.));
#858=DIRECTION('',(0.,0.,1.));
#859=DIRECTION('',(1.,0.,0.));
#860=DIRECTION('',(0.806751758909096,0.590890513967757,0.));
#861=DIRECTION('',(-0.590890513967757,0.806751758909096,0.));
#862=DIRECTION('',(0.,0.,1.));
#863=DIRECTION('',(-0.590890513967757,0.806751758909096,0.));
#864=DIRECTION('',(0.,0.,1.));
#865=DIRECTION('',(-0.806751758909096,-0.590890513967757,0.));
#866=DIRECTION('',(0.590890513967757,-0.806751758909096,0.));
#867=DIRECTION('',(0.,0.,1.));
#868=DIRECTION('',(0.590890513967757,-0.806751758909096,0.));
#869=DIRECTION('',(0.,0.,1.));
#870=DIRECTION('',(0.590890513967757,-0.806751758909096,0.));
#871=DIRECTION('',(0.806751758909096,0.590890513967757,0.));
#872=DIRECTION('',(0.806751758909096,0.590890513967757,0.));
#873=DIRECTION('',(0.,0.,1.));
#874=DIRECTION('',(1.,0.,0.));
#875=DIRECTION('',(0.,0.,1.));
#876=DIRECTION('',(1.,0.,0.));
#877=DIRECTION('',(-0.0410246877997094,-0.999158133125551,0.));
#878=DIRECTION('',(0.999158133125551,-0.0410246877997094,0.));
#879=DIRECTION('',(0.,0.,1.));
#880=DIRECTION('',(0.999158133125551,-0.0410246877997094,0.));
#881=DIRECTION('',(0.,0.,1.));
#882=DIRECTION('',(0.999158133125551,-0.0410246877997097,0.));
#883=DIRECTION('',(0.0410246877997097,0.999158133125551,0.));
#884=DIRECTION('',(0.0410246877997097,0.999158133125551,0.));
#885=DIRECTION('',(0.,0.,1.));
#886=DIRECTION('',(0.0410246877997096,0.999158133125551,0.));
#887=DIRECTION('',(-0.999158133125551,0.0410246877997096,0.));
#888=DIRECTION('',(-0.999158133125551,0.0410246877997096,0.));
#889=DIRECTION('',(0.,0.,1.));
#890=DIRECTION('',(0.,0.,1.));
#891=DIRECTION('',(1.,0.,0.));
#892=DIRECTION('',(0.,0.,1.));
#893=DIRECTION('',(1.,0.,0.));
#894=DIRECTION('',(0.,0.,1.));
#895=DIRECTION('',(1.,0.,0.));
#896=CARTESIAN_POINT('',(0.,0.,0.));
#897=CARTESIAN_POINT('',(0.,0.,0.0185529908125548));
#898=CARTESIAN_POINT('',(0.,0.,0.0223825630290546));
#899=CARTESIAN_POINT('',(-0.0075,0.,0.0223825630290546));
#900=CARTESIAN_POINT('',(0.,0.,0.0185529908125548));
#901=CARTESIAN_POINT('',(-0.0075540179327742,0.,0.0185529908125548));
#902=CARTESIAN_POINT('',(0.,0.,-0.0309954546313221));
#903=CARTESIAN_POINT('',(0.,0.,-0.0309954546313221));
#904=CARTESIAN_POINT('',(0.,0.,-0.0309954546313221));
#905=CARTESIAN_POINT('',(0.,0.,-0.0309954546313221));
#906=CARTESIAN_POINT('',(0.,0.,-0.0309954546313221));
#907=CARTESIAN_POINT('',(0.,0.,-0.0309954546313221));
#908=CARTESIAN_POINT('',(0.,0.,-0.0309954546313221));
#909=CARTESIAN_POINT('',(0.,0.,-0.0309954546313221));
#910=CARTESIAN_POINT('',(0.,0.,-0.0309954546313221));
#911=CARTESIAN_POINT('',(0.,0.,-0.0309954546313221));
#912=CARTESIAN_POINT('',(0.,0.,-0.0309954546313221));
#913=CARTESIAN_POINT('',(0.,0.,-0.0309954546313221));
#914=CARTESIAN_POINT('',(0.,0.,-0.0309954546313221));
#915=CARTESIAN_POINT('',(0.,0.,-0.0309954546313221));
#916=CARTESIAN_POINT('',(0.,0.,-0.0309954546313221));
#917=CARTESIAN_POINT('',(0.,0.,-0.0309954546313221));
#918=CARTESIAN_POINT('',(0.,0.,-0.0309954546313221));
#919=CARTESIAN_POINT('',(0.,0.,-0.0309954546313221));
#920=CARTESIAN_POINT('',(0.,0.,-0.0309954546313221));
#921=CARTESIAN_POINT('',(-0.000151806658699082,-6.28803768917034E-5,-0.0310040787272967));
#922=CARTESIAN_POINT('',(-0.000164314343328336,-8.58627116187166E-21,-0.0310040787272967));
#923=CARTESIAN_POINT('',(-0.000151806658699082,6.28803768917035E-5,-0.0310040787272967));
#924=CARTESIAN_POINT('',(-0.000116187786413681,0.000116187786413681,-0.0310040787272967));
#925=CARTESIAN_POINT('',(-6.28803768917035E-5,0.000151806658699082,-0.0310040787272967));
#926=CARTESIAN_POINT('',(2.06820143403036E-20,0.000164314343328336,-0.0310040787272967));
#927=CARTESIAN_POINT('',(6.28803768917033E-5,0.000151806658699082,-0.0310040787272967));
#928=CARTESIAN_POINT('',(0.000116187786413681,0.000116187786413681,-0.0310040787272967));
#929=CARTESIAN_POINT('',(0.000151806658699082,6.28803768917035E-5,-0.0310040787272966));
#930=CARTESIAN_POINT('',(0.000164314343328336,1.17760860301019E-20,-0.0310040787272967));
#931=CARTESIAN_POINT('',(0.000151806658699082,-6.28803768917034E-5,-0.0310040787272967));
#932=CARTESIAN_POINT('',(0.000116187786413681,-0.000116187786413681,-0.0310040787272967));
#933=CARTESIAN_POINT('',(6.28803768917035E-5,-0.000151806658699082,-0.0310040787272967));
#934=CARTESIAN_POINT('',(1.12679385685117E-19,-0.000164314343328336,-0.0310040787272967));
#935=CARTESIAN_POINT('',(-6.28803768917035E-5,-0.000151806658699082,-0.0310040787272967));
#936=CARTESIAN_POINT('',(-0.000116187786413681,-0.000116187786413681,-0.0310040787272967));
#937=CARTESIAN_POINT('',(-0.000151806658699082,-6.28803768917034E-5,-0.0310040787272967));
#938=CARTESIAN_POINT('',(-0.000164314343328336,-8.58627116187166E-21,-0.0310040787272967));
#939=CARTESIAN_POINT('',(-0.000151806658699082,6.28803768917035E-5,-0.0310040787272967));
#940=CARTESIAN_POINT('',(-0.000378410103727408,-0.000156742597102903,-0.0310175600484387));
#941=CARTESIAN_POINT('',(-0.000409588144786383,1.14750737847439E-19,-0.0310175600484387));
#942=CARTESIAN_POINT('',(-0.000378410103727408,0.000156742597102902,-0.0310175600484387));
#943=CARTESIAN_POINT('',(-0.000289622554672068,0.000289622554672069,-0.0310175600484387));
#944=CARTESIAN_POINT('',(-0.000156742597102902,0.000378410103727408,-0.0310175600484387));
#945=CARTESIAN_POINT('',(-2.95993851708709E-19,0.000409588144786383,-0.0310175600484387));
#946=CARTESIAN_POINT('',(0.000156742597102903,0.000378410103727408,-0.0310175600484387));
#947=CARTESIAN_POINT('',(0.000289622554672068,0.000289622554672069,-0.0310175600484387));
#948=CARTESIAN_POINT('',(0.000378410103727408,0.000156742597102902,-0.0310175600484387));
#949=CARTESIAN_POINT('',(0.000409588144786382,4.63283032544995E-20,-0.0310175600484387));
#950=CARTESIAN_POINT('',(0.000378410103727409,-0.000156742597102902,-0.0310175600484387));
#951=CARTESIAN_POINT('',(0.000289622554672068,-0.000289622554672068,-0.0310175600484387));
#952=CARTESIAN_POINT('',(0.000156742597102902,-0.000378410103727408,-0.0310175600484387));
#953=CARTESIAN_POINT('',(-3.44985128971426E-20,-0.000409588144786383,-0.0310175600484387));
#954=CARTESIAN_POINT('',(-0.000156742597102902,-0.000378410103727408,-0.0310175600484387));
#955=CARTESIAN_POINT('',(-0.000289622554672068,-0.000289622554672068,-0.0310175600484387));
#956=CARTESIAN_POINT('',(-0.000378410103727408,-0.000156742597102903,-0.0310175600484387));
#957=CARTESIAN_POINT('',(-0.000409588144786383,1.14750737847439E-19,-0.0310175600484387));
#958=CARTESIAN_POINT('',(-0.000378410103727408,0.000156742597102902,-0.0310175600484387));
#959=CARTESIAN_POINT('',(-0.000833804832066861,-0.000345373269814315,-0.0309550851227876));
#960=CARTESIAN_POINT('',(-0.000902503846795281,-2.23137215759049E-21,-0.0309550851227876));
#961=CARTESIAN_POINT('',(-0.000833804832066862,0.000345373269814315,-0.0309550851227876));
#962=CARTESIAN_POINT('',(-0.000638166590115888,0.000638166590115887,-0.0309550851227876));
#963=CARTESIAN_POINT('',(-0.000345373269814315,0.000833804832066862,-0.0309550851227876));
#964=CARTESIAN_POINT('',(-8.83054362255545E-20,0.00090250384679528,-0.0309550851227876));
#965=CARTESIAN_POINT('',(0.000345373269814315,0.000833804832066862,-0.0309550851227876));
#966=CARTESIAN_POINT('',(0.000638166590115887,0.000638166590115887,-0.0309550851227876));
#967=CARTESIAN_POINT('',(0.000833804832066862,0.000345373269814315,-0.0309550851227876));
#968=CARTESIAN_POINT('',(0.00090250384679528,9.39411226958418E-20,-0.0309550851227876));
#969=CARTESIAN_POINT('',(0.000833804832066862,-0.000345373269814315,-0.0309550851227876));
#970=CARTESIAN_POINT('',(0.000638166590115887,-0.000638166590115888,-0.0309550851227876));
#971=CARTESIAN_POINT('',(0.000345373269814315,-0.000833804832066861,-0.0309550851227876));
#972=CARTESIAN_POINT('',(3.97008536923957E-19,-0.000902503846795281,-0.0309550851227876));
#973=CARTESIAN_POINT('',(-0.000345373269814315,-0.000833804832066862,-0.0309550851227876));
#974=CARTESIAN_POINT('',(-0.000638166590115888,-0.000638166590115888,-0.0309550851227875));
#975=CARTESIAN_POINT('',(-0.000833804832066861,-0.000345373269814315,-0.0309550851227876));
#976=CARTESIAN_POINT('',(-0.000902503846795281,-2.23137215759049E-21,-0.0309550851227876));
#977=CARTESIAN_POINT('',(-0.000833804832066862,0.000345373269814315,-0.0309550851227876));
#978=CARTESIAN_POINT('',(-0.00130829543683367,-0.000541913713527339,-0.0308470559332052));
#979=CARTESIAN_POINT('',(-0.00141608877650689,3.32585139746955E-19,-0.0308470559332052));
#980=CARTESIAN_POINT('',(-0.00130829543683367,0.000541913713527338,-0.0308470559332052));
#981=CARTESIAN_POINT('',(-0.00100132597663019,0.00100132597663019,-0.0308470559332052));
#982=CARTESIAN_POINT('',(-0.000541913713527339,0.00130829543683367,-0.0308470559332052));
#983=CARTESIAN_POINT('',(-5.56913395996493E-19,0.00141608877650689,-0.0308470559332052));
#984=CARTESIAN_POINT('',(0.000541913713527339,0.00130829543683367,-0.0308470559332052));
#985=CARTESIAN_POINT('',(0.00100132597663019,0.00100132597663019,-0.0308470559332052));
#986=CARTESIAN_POINT('',(0.00130829543683367,0.000541913713527338,-0.0308470559332052));
#987=CARTESIAN_POINT('',(0.00141608877650689,2.51888142691502E-19,-0.0308470559332052));
#988=CARTESIAN_POINT('',(0.00130829543683367,-0.000541913713527339,-0.0308470559332052));
#989=CARTESIAN_POINT('',(0.00100132597663019,-0.00100132597663019,-0.0308470559332052));
#990=CARTESIAN_POINT('',(0.000541913713527339,-0.00130829543683367,-0.0308470559332052));
#991=CARTESIAN_POINT('',(1.17714010736337E-19,-0.00141608877650689,-0.0308470559332052));
#992=CARTESIAN_POINT('',(-0.000541913713527339,-0.00130829543683367,-0.0308470559332052));
#993=CARTESIAN_POINT('',(-0.00100132597663019,-0.00100132597663019,-0.0308470559332052));
#994=CARTESIAN_POINT('',(-0.00130829543683367,-0.000541913713527339,-0.0308470559332052));
#995=CARTESIAN_POINT('',(-0.00141608877650689,3.32585139746955E-19,-0.0308470559332052));
#996=CARTESIAN_POINT('',(-0.00130829543683367,0.000541913713527338,-0.0308470559332052));
#997=CARTESIAN_POINT('',(-0.00188144358269332,-0.0007793194487914,-0.0306567713311034));
#998=CARTESIAN_POINT('',(-0.00203645985919743,2.08283742258149E-19,-0.0306567713311034));
#999=CARTESIAN_POINT('',(-0.00188144358269332,0.000779319448791399,-0.0306567713311034));
#1000=CARTESIAN_POINT('',(-0.0014399945760527,0.0014399945760527,-0.0306567713311034));
#1001=CARTESIAN_POINT('',(-0.000779319448791399,0.00188144358269332,-0.0306567713311034));
#1002=CARTESIAN_POINT('',(-1.38869841753098E-19,0.00203645985919743,-0.0306567713311034));
#1003=CARTESIAN_POINT('',(0.000779319448791399,0.00188144358269332,-0.0306567713311035));
#1004=CARTESIAN_POINT('',(0.0014399945760527,0.0014399945760527,-0.0306567713311034));
#1005=CARTESIAN_POINT('',(0.00188144358269332,0.000779319448791399,-0.0306567713311034));
#1006=CARTESIAN_POINT('',(0.00203645985919743,1.70194785556651E-19,-0.0306567713311034));
#1007=CARTESIAN_POINT('',(0.00188144358269332,-0.000779319448791399,-0.0306567713311034));
#1008=CARTESIAN_POINT('',(0.0014399945760527,-0.0014399945760527,-0.0306567713311034));
#1009=CARTESIAN_POINT('',(0.000779319448791399,-0.00188144358269332,-0.0306567713311034));
#1010=CARTESIAN_POINT('',(7.50910178220449E-19,-0.00203645985919743,-0.0306567713311035));
#1011=CARTESIAN_POINT('',(-0.000779319448791399,-0.00188144358269332,-0.0306567713311035));
#1012=CARTESIAN_POINT('',(-0.0014399945760527,-0.0014399945760527,-0.0306567713311034));
#1013=CARTESIAN_POINT('',(-0.00188144358269332,-0.0007793194487914,-0.0306567713311034));
#1014=CARTESIAN_POINT('',(-0.00203645985919743,2.08283742258149E-19,-0.0306567713311034));
#1015=CARTESIAN_POINT('',(-0.00188144358269332,0.000779319448791399,-0.0306567713311034));
#1016=CARTESIAN_POINT('',(-0.00247987606192229,-0.0010271982978526,-0.030374564446705));
#1017=CARTESIAN_POINT('',(-0.00268419850711651,3.12722887009526E-19,-0.030374564446705));
#1018=CARTESIAN_POINT('',(-0.00247987606192229,0.00102719829785259,-0.030374564446705));
#1019=CARTESIAN_POINT('',(-0.00189801496643289,0.00189801496643289,-0.030374564446705));
#1020=CARTESIAN_POINT('',(-0.00102719829785259,0.00247987606192229,-0.030374564446705));
#1021=CARTESIAN_POINT('',(-1.08470999692844E-18,0.00268419850711651,-0.030374564446705));
#1022=CARTESIAN_POINT('',(0.0010271982978526,0.00247987606192229,-0.030374564446705));
#1023=CARTESIAN_POINT('',(0.00189801496643289,0.00189801496643289,-0.030374564446705));
#1024=CARTESIAN_POINT('',(0.00247987606192229,0.0010271982978526,-0.030374564446705));
#1025=CARTESIAN_POINT('',(0.0026841985071165,3.00551753509844E-19,-0.030374564446705));
#1026=CARTESIAN_POINT('',(0.00247987606192229,-0.00102719829785259,-0.030374564446705));
#1027=CARTESIAN_POINT('',(0.00189801496643289,-0.00189801496643289,-0.0303745644467049));
#1028=CARTESIAN_POINT('',(0.0010271982978526,-0.00247987606192229,-0.030374564446705));
#1029=CARTESIAN_POINT('',(1.39614154805655E-19,-0.00268419850711651,-0.0303745644467049));
#1030=CARTESIAN_POINT('',(-0.0010271982978526,-0.00247987606192229,-0.030374564446705));
#1031=CARTESIAN_POINT('',(-0.00189801496643289,-0.00189801496643289,-0.0303745644467049));
#1032=CARTESIAN_POINT('',(-0.00247987606192229,-0.0010271982978526,-0.030374564446705));
#1033=CARTESIAN_POINT('',(-0.00268419850711651,3.12722887009526E-19,-0.030374564446705));
#1034=CARTESIAN_POINT('',(-0.00247987606192229,0.00102719829785259,-0.030374564446705));
#1035=CARTESIAN_POINT('',(-0.00319218614849327,-0.00132224679632545,-0.0299496819378573));
#1036=CARTESIAN_POINT('',(-0.00345519738901053,2.30056987981339E-19,-0.0299496819378573));
#1037=CARTESIAN_POINT('',(-0.00319218614849327,0.00132224679632545,-0.0299496819378573));
#1038=CARTESIAN_POINT('',(-0.0024431935041074,0.0024431935041074,-0.0299496819378573));
#1039=CARTESIAN_POINT('',(-0.00132224679632545,0.00319218614849327,-0.0299496819378573));
#1040=CARTESIAN_POINT('',(-1.98099236274202E-19,0.00345519738901053,-0.0299496819378573));
#1041=CARTESIAN_POINT('',(0.00132224679632545,0.00319218614849327,-0.0299496819378573));
#1042=CARTESIAN_POINT('',(0.0024431935041074,0.0024431935041074,-0.0299496819378573));
#1043=CARTESIAN_POINT('',(0.00319218614849327,0.00132224679632545,-0.0299496819378573));
#1044=CARTESIAN_POINT('',(0.00345519738901053,4.32213865990776E-19,-0.0299496819378573));
#1045=CARTESIAN_POINT('',(0.00319218614849327,-0.00132224679632545,-0.0299496819378573));
#1046=CARTESIAN_POINT('',(0.0024431935041074,-0.0024431935041074,-0.0299496819378573));
#1047=CARTESIAN_POINT('',(0.00132224679632545,-0.00319218614849327,-0.0299496819378573));
#1048=CARTESIAN_POINT('',(1.82267716474641E-18,-0.00345519738901053,-0.0299496819378573));
#1049=CARTESIAN_POINT('',(-0.00132224679632545,-0.00319218614849327,-0.0299496819378573));
#1050=CARTESIAN_POINT('',(-0.0024431935041074,-0.0024431935041074,-0.0299496819378573));
#1051=CARTESIAN_POINT('',(-0.00319218614849327,-0.00132224679632545,-0.0299496819378573));
#1052=CARTESIAN_POINT('',(-0.00345519738901053,2.30056987981339E-19,-0.0299496819378573));
#1053=CARTESIAN_POINT('',(-0.00319218614849327,0.00132224679632545,-0.0299496819378573));
#1054=CARTESIAN_POINT('',(-0.00402001328681709,-0.00166514402431969,-0.0293324006928227));
#1055=CARTESIAN_POINT('',(-0.00435123102672261,7.39886192990831E-19,-0.0293324006928226));
#1056=CARTESIAN_POINT('',(-0.00402001328681709,0.00166514402431968,-0.0293324006928227));
#1057=CARTESIAN_POINT('',(-0.00307678496550486,0.00307678496550486,-0.0293324006928226));
#1058=CARTESIAN_POINT('',(-0.00166514402431968,0.00402001328681709,-0.0293324006928227));
#1059=CARTESIAN_POINT('',(-2.76182673529384E-18,0.00435123102672261,-0.0293324006928226));
#1060=CARTESIAN_POINT('',(0.00166514402431969,0.00402001328681709,-0.0293324006928226));
#1061=CARTESIAN_POINT('',(0.00307678496550486,0.00307678496550486,-0.0293324006928227));
#1062=CARTESIAN_POINT('',(0.00402001328681709,0.00166514402431968,-0.0293324006928226));
#1063=CARTESIAN_POINT('',(0.00435123102672261,3.73862084875926E-19,-0.0293324006928227));
#1064=CARTESIAN_POINT('',(0.0040200132868171,-0.00166514402431968,-0.0293324006928226));
#1065=CARTESIAN_POINT('',(0.00307678496550486,-0.00307678496550486,-0.0293324006928226));
#1066=CARTESIAN_POINT('',(0.00166514402431969,-0.00402001328681709,-0.0293324006928226));
#1067=CARTESIAN_POINT('',(1.52776748236493E-19,-0.00435123102672261,-0.0293324006928226));
#1068=CARTESIAN_POINT('',(-0.00166514402431968,-0.00402001328681709,-0.0293324006928227));
#1069=CARTESIAN_POINT('',(-0.00307678496550486,-0.00307678496550486,-0.0293324006928226));
#1070=CARTESIAN_POINT('',(-0.00402001328681709,-0.00166514402431969,-0.0293324006928227));
#1071=CARTESIAN_POINT('',(-0.00435123102672261,7.39886192990831E-19,-0.0293324006928226));
#1072=CARTESIAN_POINT('',(-0.00402001328681709,0.00166514402431968,-0.0293324006928227));
#1073=CARTESIAN_POINT('',(-0.00495168423292687,-0.00205105476586733,-0.0284670654837792));
#1074=CARTESIAN_POINT('',(-0.00535966439203087,-2.84036449614147E-20,-0.0284670654837792));
#1075=CARTESIAN_POINT('',(-0.00495168423292687,0.00205105476586733,-0.0284670654837792));
#1076=CARTESIAN_POINT('',(-0.00378985503648911,0.0037898550364891,-0.0284670654837792));
#1077=CARTESIAN_POINT('',(-0.00205105476586733,0.00495168423292687,-0.0284670654837792));
#1078=CARTESIAN_POINT('',(-1.97813294110801E-18,0.00535966439203087,-0.0284670654837792));
#1079=CARTESIAN_POINT('',(0.00205105476586733,0.00495168423292687,-0.0284670654837792));
#1080=CARTESIAN_POINT('',(0.0037898550364891,0.0037898550364891,-0.0284670654837792));
#1081=CARTESIAN_POINT('',(0.00495168423292688,0.00205105476586733,-0.0284670654837792));
#1082=CARTESIAN_POINT('',(0.00535966439203087,6.95668733136883E-19,-0.0284670654837792));
#1083=CARTESIAN_POINT('',(0.00495168423292687,-0.00205105476586733,-0.0284670654837792));
#1084=CARTESIAN_POINT('',(0.0037898550364891,-0.0037898550364891,-0.0284670654837792));
#1085=CARTESIAN_POINT('',(0.00205105476586733,-0.00495168423292687,-0.0284670654837792));
#1086=CARTESIAN_POINT('',(-4.37346643316813E-19,-0.00535966439203087,-0.0284670654837792));
#1087=CARTESIAN_POINT('',(-0.00205105476586733,-0.00495168423292687,-0.0284670654837792));
#1088=CARTESIAN_POINT('',(-0.0037898550364891,-0.00378985503648911,-0.0284670654837792));
#1089=CARTESIAN_POINT('',(-0.00495168423292687,-0.00205105476586733,-0.0284670654837792));
#1090=CARTESIAN_POINT('',(-0.00535966439203087,-2.84036449614147E-20,-0.0284670654837792));
#1091=CARTESIAN_POINT('',(-0.00495168423292687,0.00205105476586733,-0.0284670654837792));
#1092=CARTESIAN_POINT('',(-0.00584429618404769,-0.00242078674195789,-0.0274860767118005));
#1093=CARTESIAN_POINT('',(-0.00632582060581183,2.03384108187455E-18,-0.0274860767118005));
#1094=CARTESIAN_POINT('',(-0.0058442961840477,0.00242078674195788,-0.0274860767118005));
#1095=CARTESIAN_POINT('',(-0.00447303064693914,0.00447303064693914,-0.0274860767118005));
#1096=CARTESIAN_POINT('',(-0.00242078674195788,0.0058442961840477,-0.0274860767118005));
#1097=CARTESIAN_POINT('',(1.17167523153448E-19,0.00632582060581183,-0.0274860767118005));
#1098=CARTESIAN_POINT('',(0.00242078674195788,0.00584429618404769,-0.0274860767118005));
#1099=CARTESIAN_POINT('',(0.00447303064693914,0.00447303064693914,-0.0274860767118005));
#1100=CARTESIAN_POINT('',(0.0058442961840477,0.00242078674195788,-0.0274860767118005));
#1101=CARTESIAN_POINT('',(0.00632582060581183,1.24434252340771E-18,-0.0274860767118005));
#1102=CARTESIAN_POINT('',(0.0058442961840477,-0.00242078674195788,-0.0274860767118005));
#1103=CARTESIAN_POINT('',(0.00447303064693914,-0.00447303064693914,-0.0274860767118005));
#1104=CARTESIAN_POINT('',(0.00242078674195788,-0.00584429618404769,-0.0274860767118005));
#1105=CARTESIAN_POINT('',(3.70749654901952E-18,-0.00632582060581182,-0.0274860767118005));
#1106=CARTESIAN_POINT('',(-0.00242078674195788,-0.0058442961840477,-0.0274860767118005));
#1107=CARTESIAN_POINT('',(-0.00447303064693914,-0.00447303064693913,-0.0274860767118005));
#1108=CARTESIAN_POINT('',(-0.00584429618404769,-0.00242078674195789,-0.0274860767118005));
#1109=CARTESIAN_POINT('',(-0.00632582060581183,2.03384108187455E-18,-0.0274860767118005));
#1110=CARTESIAN_POINT('',(-0.0058442961840477,0.00242078674195788,-0.0274860767118005));
#1111=CARTESIAN_POINT('',(-0.00660291163566652,-0.00273501555064419,-0.0265366418286031));
#1112=CARTESIAN_POINT('',(-0.00714694005366533,1.08679606557479E-19,-0.0265366418286031));
#1113=CARTESIAN_POINT('',(-0.00660291163566652,0.00273501555064419,-0.0265366418286031));
#1114=CARTESIAN_POINT('',(-0.00505364977668051,0.0050536497766805,-0.0265366418286031));
#1115=CARTESIAN_POINT('',(-0.00273501555064419,0.00660291163566652,-0.0265366418286031));
#1116=CARTESIAN_POINT('',(-2.85220296725214E-18,0.00714694005366533,-0.0265366418286031));
#1117=CARTESIAN_POINT('',(0.0027350155506442,0.00660291163566652,-0.0265366418286031));
#1118=CARTESIAN_POINT('',(0.0050536497766805,0.0050536497766805,-0.0265366418286031));
#1119=CARTESIAN_POINT('',(0.00660291163566652,0.00273501555064419,-0.0265366418286031));
#1120=CARTESIAN_POINT('',(0.00714694005366533,7.05953710275784E-19,-0.0265366418286031));
#1121=CARTESIAN_POINT('',(0.00660291163566652,-0.00273501555064419,-0.0265366418286031));
#1122=CARTESIAN_POINT('',(0.00505364977668051,-0.0050536497766805,-0.0265366418286031));
#1123=CARTESIAN_POINT('',(0.00273501555064419,-0.00660291163566652,-0.0265366418286031));
#1124=CARTESIAN_POINT('',(1.56710392131845E-18,-0.00714694005366534,-0.0265366418286031));
#1125=CARTESIAN_POINT('',(-0.00273501555064419,-0.00660291163566652,-0.0265366418286031));
#1126=CARTESIAN_POINT('',(-0.0050536497766805,-0.00505364977668051,-0.0265366418286031));
#1127=CARTESIAN_POINT('',(-0.00660291163566652,-0.00273501555064419,-0.0265366418286031));
#1128=CARTESIAN_POINT('',(-0.00714694005366533,1.08679606557479E-19,-0.0265366418286031));
#1129=CARTESIAN_POINT('',(-0.00660291163566652,0.00273501555064419,-0.0265366418286031));
#1130=CARTESIAN_POINT('',(-0.0072276920051748,-0.002993808053199,-0.0256903404205452));
#1131=CARTESIAN_POINT('',(-0.00782319745251691,1.19734682871816E-18,-0.0256903404205452));
#1132=CARTESIAN_POINT('',(-0.0072276920051748,0.00299380805319899,-0.0256903404205452));
#1133=CARTESIAN_POINT('',(-0.00553183596923602,0.00553183596923603,-0.0256903404205452));
#1134=CARTESIAN_POINT('',(-0.002993808053199,0.0072276920051748,-0.0256903404205452));
#1135=CARTESIAN_POINT('',(-1.75066361468241E-19,0.0078231974525169,-0.0256903404205452));
#1136=CARTESIAN_POINT('',(0.00299380805319899,0.00722769200517481,-0.0256903404205452));
#1137=CARTESIAN_POINT('',(0.00553183596923602,0.00553183596923603,-0.0256903404205452));
#1138=CARTESIAN_POINT('',(0.0072276920051748,0.002993808053199,-0.0256903404205452));
#1139=CARTESIAN_POINT('',(0.0078231974525169,1.13253188357327E-18,-0.0256903404205452));
#1140=CARTESIAN_POINT('',(0.00722769200517481,-0.00299380805319899,-0.0256903404205452));
#1141=CARTESIAN_POINT('',(0.00553183596923603,-0.00553183596923603,-0.0256903404205452));
#1142=CARTESIAN_POINT('',(0.002993808053199,-0.0072276920051748,-0.0256903404205452));
#1143=CARTESIAN_POINT('',(2.52379666897177E-18,-0.0078231974525169,-0.0256903404205452));
#1144=CARTESIAN_POINT('',(-0.002993808053199,-0.00722769200517481,-0.0256903404205452));
#1145=CARTESIAN_POINT('',(-0.00553183596923602,-0.00553183596923602,-0.0256903404205452));
#1146=CARTESIAN_POINT('',(-0.0072276920051748,-0.002993808053199,-0.0256903404205452));
#1147=CARTESIAN_POINT('',(-0.00782319745251691,1.19734682871816E-18,-0.0256903404205452));
#1148=CARTESIAN_POINT('',(-0.0072276920051748,0.00299380805319899,-0.0256903404205452));
#1149=CARTESIAN_POINT('',(-0.0078007540892052,-0.00323117814048618,-0.0248715141888382));
#1150=CARTESIAN_POINT('',(-0.00844347538255471,6.6435460467275E-19,-0.0248715141888382));
#1151=CARTESIAN_POINT('',(-0.0078007540892052,0.00323117814048618,-0.0248715141888382));
#1152=CARTESIAN_POINT('',(-0.00597043869978611,0.00597043869978611,-0.0248715141888382));
#1153=CARTESIAN_POINT('',(-0.00323117814048617,0.0078007540892052,-0.0248715141888382));
#1154=CARTESIAN_POINT('',(-4.88047037898694E-18,0.00844347538255471,-0.0248715141888382));
#1155=CARTESIAN_POINT('',(0.00323117814048618,0.0078007540892052,-0.0248715141888382));
#1156=CARTESIAN_POINT('',(0.00597043869978611,0.00597043869978611,-0.0248715141888382));
#1157=CARTESIAN_POINT('',(0.00780075408920521,0.00323117814048618,-0.0248715141888382));
#1158=CARTESIAN_POINT('',(0.00844347538255471,1.08011383972629E-18,-0.0248715141888382));
#1159=CARTESIAN_POINT('',(0.00780075408920521,-0.00323117814048618,-0.0248715141888382));
#1160=CARTESIAN_POINT('',(0.00597043869978611,-0.00597043869978611,-0.0248715141888382));
#1161=CARTESIAN_POINT('',(0.00323117814048618,-0.0078007540892052,-0.0248715141888382));
#1162=CARTESIAN_POINT('',(1.44819929432849E-18,-0.00844347538255471,-0.0248715141888382));
#1163=CARTESIAN_POINT('',(-0.00323117814048618,-0.0078007540892052,-0.0248715141888382));
#1164=CARTESIAN_POINT('',(-0.00597043869978611,-0.00597043869978612,-0.0248715141888382));
#1165=CARTESIAN_POINT('',(-0.0078007540892052,-0.00323117814048618,-0.0248715141888382));
#1166=CARTESIAN_POINT('',(-0.00844347538255471,6.6435460467275E-19,-0.0248715141888382));
#1167=CARTESIAN_POINT('',(-0.0078007540892052,0.00323117814048618,-0.0248715141888382));
#1168=CARTESIAN_POINT('',(-0.00843133408469741,-0.00349237292678022,-0.0239148458342275));
#1169=CARTESIAN_POINT('',(-0.00912601025133589,6.12500148866142E-19,-0.0239148458342275));
#1170=CARTESIAN_POINT('',(-0.00843133408469741,0.00349237292678021,-0.0239148458342275));
#1171=CARTESIAN_POINT('',(-0.00645306373389755,0.00645306373389755,-0.0239148458342275));
#1172=CARTESIAN_POINT('',(-0.00349237292678022,0.00843133408469741,-0.0239148458342275));
#1173=CARTESIAN_POINT('',(-1.32972630934221E-18,0.00912601025133589,-0.0239148458342275));
#1174=CARTESIAN_POINT('',(0.00349237292678022,0.00843133408469741,-0.0239148458342275));
#1175=CARTESIAN_POINT('',(0.00645306373389755,0.00645306373389756,-0.0239148458342275));
#1176=CARTESIAN_POINT('',(0.00843133408469741,0.00349237292678021,-0.0239148458342275));
#1177=CARTESIAN_POINT('',(0.00912601025133589,1.84001049874269E-18,-0.0239148458342275));
#1178=CARTESIAN_POINT('',(0.00843133408469741,-0.00349237292678021,-0.0239148458342275));
#1179=CARTESIAN_POINT('',(0.00645306373389756,-0.00645306373389755,-0.0239148458342275));
#1180=CARTESIAN_POINT('',(0.00349237292678022,-0.00843133408469741,-0.0239148458342275));
#1181=CARTESIAN_POINT('',(2.31769914797488E-18,-0.0091260102513359,-0.0239148458342275));
#1182=CARTESIAN_POINT('',(-0.00349237292678021,-0.00843133408469741,-0.0239148458342275));
#1183=CARTESIAN_POINT('',(-0.00645306373389756,-0.00645306373389756,-0.0239148458342276));
#1184=CARTESIAN_POINT('',(-0.00843133408469741,-0.00349237292678022,-0.0239148458342275));
#1185=CARTESIAN_POINT('',(-0.00912601025133589,6.12500148866142E-19,-0.0239148458342275));
#1186=CARTESIAN_POINT('',(-0.00843133408469741,0.00349237292678021,-0.0239148458342275));
#1187=CARTESIAN_POINT('',(-0.00920890360388887,-0.00381445276731725,-0.0226579883110111));
#1188=CARTESIAN_POINT('',(-0.00996764543409383,1.79478623915975E-18,-0.0226579883110111));
#1189=CARTESIAN_POINT('',(-0.00920890360388886,0.00381445276731724,-0.022657988311011));
#1190=CARTESIAN_POINT('',(-0.00704818967891087,0.00704818967891087,-0.022657988311011));
#1191=CARTESIAN_POINT('',(-0.00381445276731724,0.00920890360388886,-0.022657988311011));
#1192=CARTESIAN_POINT('',(-3.93800413031413E-18,0.00996764543409382,-0.022657988311011));
#1193=CARTESIAN_POINT('',(0.00381445276731724,0.00920890360388887,-0.022657988311011));
#1194=CARTESIAN_POINT('',(0.00704818967891087,0.00704818967891087,-0.022657988311011));
#1195=CARTESIAN_POINT('',(0.00920890360388887,0.00381445276731724,-0.022657988311011));
#1196=CARTESIAN_POINT('',(0.00996764543409382,1.04600620767086E-18,-0.022657988311011));
#1197=CARTESIAN_POINT('',(0.00920890360388887,-0.00381445276731724,-0.022657988311011));
#1198=CARTESIAN_POINT('',(0.00704818967891087,-0.00704818967891087,-0.022657988311011));
#1199=CARTESIAN_POINT('',(0.00381445276731725,-0.00920890360388886,-0.0226579883110111));
#1200=CARTESIAN_POINT('',(1.76947687745581E-18,-0.00996764543409382,-0.022657988311011));
#1201=CARTESIAN_POINT('',(-0.00381445276731724,-0.00920890360388887,-0.0226579883110111));
#1202=CARTESIAN_POINT('',(-0.00704818967891086,-0.00704818967891087,-0.022657988311011));
#1203=CARTESIAN_POINT('',(-0.00920890360388887,-0.00381445276731725,-0.0226579883110111));
#1204=CARTESIAN_POINT('',(-0.00996764543409383,1.79478623915975E-18,-0.0226579883110111));
#1205=CARTESIAN_POINT('',(-0.00920890360388886,0.00381445276731724,-0.022657988311011));
#1206=CARTESIAN_POINT('',(-0.00997326676321783,-0.00413106235448965,-0.0213043654200426));
#1207=CARTESIAN_POINT('',(-0.0107949861559424,1.3560678304113E-18,-0.0213043654200426));
#1208=CARTESIAN_POINT('',(-0.00997326676321784,0.00413106235448965,-0.0213043654200427));
#1209=CARTESIAN_POINT('',(-0.00763320791368174,0.00763320791368174,-0.0213043654200426));
#1210=CARTESIAN_POINT('',(-0.00413106235448965,0.00997326676321784,-0.0213043654200427));
#1211=CARTESIAN_POINT('',(-1.46046912094324E-18,0.0107949861559424,-0.0213043654200427));
#1212=CARTESIAN_POINT('',(0.00413106235448964,0.00997326676321783,-0.0213043654200427));
#1213=CARTESIAN_POINT('',(0.00763320791368174,0.00763320791368174,-0.0213043654200426));
#1214=CARTESIAN_POINT('',(0.00997326676321783,0.00413106235448965,-0.0213043654200427));
#1215=CARTESIAN_POINT('',(0.0107949861559424,4.70748319141115E-19,-0.0213043654200427));
#1216=CARTESIAN_POINT('',(0.00997326676321785,-0.00413106235448964,-0.0213043654200426));
#1217=CARTESIAN_POINT('',(0.00763320791368173,-0.00763320791368174,-0.0213043654200427));
#1218=CARTESIAN_POINT('',(0.00413106235448965,-0.00997326676321783,-0.0213043654200426));
#1219=CARTESIAN_POINT('',(2.83577498861194E-18,-0.0107949861559424,-0.0213043654200427));
#1220=CARTESIAN_POINT('',(-0.00413106235448965,-0.00997326676321784,-0.0213043654200427));
#1221=CARTESIAN_POINT('',(-0.00763320791368174,-0.00763320791368174,-0.0213043654200427));
#1222=CARTESIAN_POINT('',(-0.00997326676321783,-0.00413106235448965,-0.0213043654200426));
#1223=CARTESIAN_POINT('',(-0.0107949861559424,1.3560678304113E-18,-0.0213043654200426));
#1224=CARTESIAN_POINT('',(-0.00997326676321784,0.00413106235448965,-0.0213043654200427));
#1225=CARTESIAN_POINT('',(-0.010643944055186,-0.00440886598479854,-0.0200057826951947));
#1226=CARTESIAN_POINT('',(-0.011520922025682,1.21578572224552E-18,-0.0200057826951947));
#1227=CARTESIAN_POINT('',(-0.010643944055186,0.00440886598479853,-0.0200057826951946));
#1228=CARTESIAN_POINT('',(-0.00814652208988116,0.00814652208988116,-0.0200057826951946));
#1229=CARTESIAN_POINT('',(-0.00440886598479853,0.010643944055186,-0.0200057826951947));
#1230=CARTESIAN_POINT('',(-3.64554880141245E-18,0.011520922025682,-0.0200057826951947));
#1231=CARTESIAN_POINT('',(0.00440886598479854,0.010643944055186,-0.0200057826951946));
#1232=CARTESIAN_POINT('',(0.00814652208988116,0.00814652208988116,-0.0200057826951946));
#1233=CARTESIAN_POINT('',(0.010643944055186,0.00440886598479853,-0.0200057826951946));
#1234=CARTESIAN_POINT('',(0.011520922025682,3.54990519410193E-18,-0.0200057826951947));
#1235=CARTESIAN_POINT('',(0.010643944055186,-0.00440886598479854,-0.0200057826951947));
#1236=CARTESIAN_POINT('',(0.00814652208988117,-0.00814652208988115,-0.0200057826951946));
#1237=CARTESIAN_POINT('',(0.00440886598479854,-0.010643944055186,-0.0200057826951947));
#1238=CARTESIAN_POINT('',(-1.16023846822567E-18,-0.011520922025682,-0.0200057826951946));
#1239=CARTESIAN_POINT('',(-0.00440886598479854,-0.010643944055186,-0.0200057826951947));
#1240=CARTESIAN_POINT('',(-0.00814652208988116,-0.00814652208988116,-0.0200057826951946));
#1241=CARTESIAN_POINT('',(-0.010643944055186,-0.00440886598479854,-0.0200057826951947));
#1242=CARTESIAN_POINT('',(-0.011520922025682,1.21578572224552E-18,-0.0200057826951947));
#1243=CARTESIAN_POINT('',(-0.010643944055186,0.00440886598479853,-0.0200057826951946));
#1244=CARTESIAN_POINT('',(-0.0111474068027196,-0.00461740708297658,-0.0189510210614557));
#1245=CARTESIAN_POINT('',(-0.0120658661767501,9.60942454041572E-19,-0.0189510210614557));
#1246=CARTESIAN_POINT('',(-0.0111474068027196,0.00461740708297657,-0.0189510210614557));
#1247=CARTESIAN_POINT('',(-0.0085318557944694,0.0085318557944694,-0.0189510210614557));
#1248=CARTESIAN_POINT('',(-0.00461740708297657,0.0111474068027196,-0.0189510210614557));
#1249=CARTESIAN_POINT('',(-3.17647162085165E-18,0.0120658661767501,-0.0189510210614557));
#1250=CARTESIAN_POINT('',(0.00461740708297658,0.0111474068027196,-0.0189510210614557));
#1251=CARTESIAN_POINT('',(0.00853185579446939,0.0085318557944694,-0.0189510210614557));
#1252=CARTESIAN_POINT('',(0.0111474068027196,0.00461740708297658,-0.0189510210614557));
#1253=CARTESIAN_POINT('',(0.0120658661767501,1.7629404604958E-19,-0.0189510210614557));
#1254=CARTESIAN_POINT('',(0.0111474068027196,-0.00461740708297657,-0.0189510210614557));
#1255=CARTESIAN_POINT('',(0.00853185579446939,-0.0085318557944694,-0.0189510210614557));
#1256=CARTESIAN_POINT('',(0.00461740708297658,-0.0111474068027196,-0.0189510210614557));
#1257=CARTESIAN_POINT('',(5.44623122638409E-18,-0.0120658661767501,-0.0189510210614557));
#1258=CARTESIAN_POINT('',(-0.00461740708297657,-0.0111474068027196,-0.0189510210614557));
#1259=CARTESIAN_POINT('',(-0.0085318557944694,-0.0085318557944694,-0.0189510210614557));
#1260=CARTESIAN_POINT('',(-0.0111474068027196,-0.00461740708297658,-0.0189510210614557));
#1261=CARTESIAN_POINT('',(-0.0120658661767501,9.60942454041572E-19,-0.0189510210614557));
#1262=CARTESIAN_POINT('',(-0.0111474068027196,0.00461740708297657,-0.0189510210614557));
#1263=CARTESIAN_POINT('',(-0.0115432082021705,-0.00478135339063537,-0.0180709605396161));
#1264=CARTESIAN_POINT('',(-0.0124942785243805,2.329422841188E-18,-0.0180709605396161));
#1265=CARTESIAN_POINT('',(-0.0115432082021705,0.00478135339063537,-0.0180709605396161));
#1266=CARTESIAN_POINT('',(-0.00883478907062292,0.00883478907062292,-0.0180709605396161));
#1267=CARTESIAN_POINT('',(-0.00478135339063537,0.0115432082021705,-0.0180709605396161));
#1268=CARTESIAN_POINT('',(-2.79064422779211E-18,0.0124942785243805,-0.0180709605396161));
#1269=CARTESIAN_POINT('',(0.00478135339063537,0.0115432082021705,-0.0180709605396161));
#1270=CARTESIAN_POINT('',(0.00883478907062291,0.00883478907062292,-0.0180709605396161));
#1271=CARTESIAN_POINT('',(0.0115432082021705,0.00478135339063537,-0.0180709605396161));
#1272=CARTESIAN_POINT('',(0.0124942785243805,2.73410259796846E-18,-0.0180709605396161));
#1273=CARTESIAN_POINT('',(0.0115432082021705,-0.00478135339063537,-0.0180709605396161));
#1274=CARTESIAN_POINT('',(0.00883478907062292,-0.00883478907062292,-0.0180709605396161));
#1275=CARTESIAN_POINT('',(0.00478135339063537,-0.0115432082021705,-0.0180709605396161));
#1276=CARTESIAN_POINT('',(4.40633347931931E-18,-0.0124942785243805,-0.0180709605396161));
#1277=CARTESIAN_POINT('',(-0.00478135339063537,-0.0115432082021705,-0.0180709605396161));
#1278=CARTESIAN_POINT('',(-0.00883478907062291,-0.00883478907062292,-0.0180709605396161));
#1279=CARTESIAN_POINT('',(-0.0115432082021705,-0.00478135339063537,-0.0180709605396161));
#1280=CARTESIAN_POINT('',(-0.0124942785243805,2.329422841188E-18,-0.0180709605396161));
#1281=CARTESIAN_POINT('',(-0.0115432082021705,0.00478135339063537,-0.0180709605396161));
#1282=CARTESIAN_POINT('',(-0.0118852836937541,-0.00492304569860476,-0.0172640785607047));
#1283=CARTESIAN_POINT('',(-0.0128645383683818,1.03369308393874E-18,-0.0172640785607047));
#1284=CARTESIAN_POINT('',(-0.0118852836937541,0.00492304569860476,-0.0172640785607047));
#1285=CARTESIAN_POINT('',(-0.00909660231711732,0.00909660231711732,-0.0172640785607047));
#1286=CARTESIAN_POINT('',(-0.00492304569860475,0.0118852836937541,-0.0172640785607047));
#1287=CARTESIAN_POINT('',(-4.66967943836724E-18,0.0128645383683818,-0.0172640785607047));
#1288=CARTESIAN_POINT('',(0.00492304569860476,0.0118852836937541,-0.0172640785607047));
#1289=CARTESIAN_POINT('',(0.00909660231711731,0.00909660231711732,-0.0172640785607047));
#1290=CARTESIAN_POINT('',(0.0118852836937541,0.00492304569860476,-0.0172640785607047));
#1291=CARTESIAN_POINT('',(0.0128645383683818,1.42502124087392E-18,-0.0172640785607047));
#1292=CARTESIAN_POINT('',(0.0118852836937541,-0.00492304569860475,-0.0172640785607047));
#1293=CARTESIAN_POINT('',(0.00909660231711731,-0.00909660231711732,-0.0172640785607047));
#1294=CARTESIAN_POINT('',(0.00492304569860477,-0.0118852836937541,-0.0172640785607047));
#1295=CARTESIAN_POINT('',(3.8185843266071E-18,-0.0128645383683818,-0.0172640785607047));
#1296=CARTESIAN_POINT('',(-0.00492304569860476,-0.0118852836937541,-0.0172640785607047));
#1297=CARTESIAN_POINT('',(-0.00909660231711731,-0.00909660231711732,-0.0172640785607047));
#1298=CARTESIAN_POINT('',(-0.0118852836937541,-0.00492304569860476,-0.0172640785607047));
#1299=CARTESIAN_POINT('',(-0.0128645383683818,1.03369308393874E-18,-0.0172640785607047));
#1300=CARTESIAN_POINT('',(-0.0118852836937541,0.00492304569860476,-0.0172640785607047));
#1301=CARTESIAN_POINT('',(-0.012216611973307,-0.00506028636559331,-0.016431041365392));
#1302=CARTESIAN_POINT('',(-0.0132231655139062,8.21643422159658E-19,-0.016431041365392));
#1303=CARTESIAN_POINT('',(-0.012216611973307,0.00506028636559331,-0.016431041365392));
#1304=CARTESIAN_POINT('',(-0.00935019000363518,0.00935019000363517,-0.016431041365392));
#1305=CARTESIAN_POINT('',(-0.00506028636559331,0.012216611973307,-0.016431041365392));
#1306=CARTESIAN_POINT('',(-2.16416664193388E-18,0.0132231655139062,-0.016431041365392));
#1307=CARTESIAN_POINT('',(0.00506028636559331,0.012216611973307,-0.016431041365392));
#1308=CARTESIAN_POINT('',(0.00935019000363516,0.00935019000363517,-0.016431041365392));
#1309=CARTESIAN_POINT('',(0.012216611973307,0.00506028636559331,-0.016431041365392));
#1310=CARTESIAN_POINT('',(0.0132231655139062,1.94113325878122E-18,-0.016431041365392));
#1311=CARTESIAN_POINT('',(0.012216611973307,-0.00506028636559331,-0.016431041365392));
#1312=CARTESIAN_POINT('',(0.00935019000363517,-0.00935019000363517,-0.016431041365392));
#1313=CARTESIAN_POINT('',(0.00506028636559331,-0.012216611973307,-0.016431041365392));
#1314=CARTESIAN_POINT('',(4.91044505313502E-18,-0.0132231655139062,-0.016431041365392));
#1315=CARTESIAN_POINT('',(-0.00506028636559331,-0.012216611973307,-0.016431041365392));
#1316=CARTESIAN_POINT('',(-0.00935019000363517,-0.00935019000363519,-0.016431041365392));
#1317=CARTESIAN_POINT('',(-0.012216611973307,-0.00506028636559331,-0.016431041365392));
#1318=CARTESIAN_POINT('',(-0.0132231655139062,8.21643422159658E-19,-0.016431041365392));
#1319=CARTESIAN_POINT('',(-0.012216611973307,0.00506028636559331,-0.016431041365392));
#1320=CARTESIAN_POINT('',(-0.0125119944773682,-0.00518263780486316,-0.0156561374524256));
#1321=CARTESIAN_POINT('',(-0.0135428852324048,8.8390365535306E-19,-0.0156561374524256));
#1322=CARTESIAN_POINT('',(-0.0125119944773682,0.00518263780486316,-0.0156561374524256));
#1323=CARTESIAN_POINT('',(-0.00957626598466459,0.00957626598466458,-0.0156561374524256));
#1324=CARTESIAN_POINT('',(-0.00518263780486316,0.0125119944773682,-0.0156561374524256));
#1325=CARTESIAN_POINT('',(-2.99855985012663E-18,0.0135428852324048,-0.0156561374524255));
#1326=CARTESIAN_POINT('',(0.00518263780486316,0.0125119944773682,-0.0156561374524256));
#1327=CARTESIAN_POINT('',(0.00957626598466458,0.00957626598466459,-0.0156561374524255));
#1328=CARTESIAN_POINT('',(0.0125119944773682,0.00518263780486316,-0.0156561374524256));
#1329=CARTESIAN_POINT('',(0.0135428852324048,1.29099525235063E-18,-0.0156561374524256));
#1330=CARTESIAN_POINT('',(0.0125119944773682,-0.00518263780486315,-0.0156561374524256));
#1331=CARTESIAN_POINT('',(0.00957626598466458,-0.00957626598466458,-0.0156561374524255));
#1332=CARTESIAN_POINT('',(0.00518263780486316,-0.0125119944773682,-0.0156561374524255));
#1333=CARTESIAN_POINT('',(4.91194633001965E-18,-0.0135428852324048,-0.0156561374524256));
#1334=CARTESIAN_POINT('',(-0.00518263780486316,-0.0125119944773682,-0.0156561374524256));
#1335=CARTESIAN_POINT('',(-0.00957626598466458,-0.00957626598466459,-0.0156561374524255));
#1336=CARTESIAN_POINT('',(-0.0125119944773682,-0.00518263780486316,-0.0156561374524256));
#1337=CARTESIAN_POINT('',(-0.0135428852324048,8.8390365535306E-19,-0.0156561374524256));
#1338=CARTESIAN_POINT('',(-0.0125119944773682,0.00518263780486316,-0.0156561374524256));
#1339=CARTESIAN_POINT('',(-0.0127861614070341,-0.00529620146548499,-0.0148895109447939));
#1340=CARTESIAN_POINT('',(-0.0138396413786533,2.40816351273766E-18,-0.0148895109447939));
#1341=CARTESIAN_POINT('',(-0.0127861614070341,0.00529620146548498,-0.0148895109447939));
#1342=CARTESIAN_POINT('',(-0.0097861042680357,0.0097861042680357,-0.0148895109447939));
#1343=CARTESIAN_POINT('',(-0.00529620146548498,0.0127861614070341,-0.0148895109447939));
#1344=CARTESIAN_POINT('',(-2.2318648022023E-18,0.0138396413786533,-0.0148895109447939));
#1345=CARTESIAN_POINT('',(0.00529620146548497,0.0127861614070341,-0.0148895109447939));
#1346=CARTESIAN_POINT('',(0.0097861042680357,0.0097861042680357,-0.0148895109447939));
#1347=CARTESIAN_POINT('',(0.0127861614070341,0.00529620146548498,-0.0148895109447939));
#1348=CARTESIAN_POINT('',(0.0138396413786533,1.41324061487286E-18,-0.0148895109447939));
#1349=CARTESIAN_POINT('',(0.0127861614070341,-0.00529620146548497,-0.0148895109447939));
#1350=CARTESIAN_POINT('',(0.0097861042680357,-0.0097861042680357,-0.0148895109447939));
#1351=CARTESIAN_POINT('',(0.00529620146548497,-0.0127861614070341,-0.0148895109447939));
#1352=CARTESIAN_POINT('',(5.57752896193508E-18,-0.0138396413786533,-0.0148895109447939));
#1353=CARTESIAN_POINT('',(-0.00529620146548498,-0.0127861614070341,-0.0148895109447939));
#1354=CARTESIAN_POINT('',(-0.0097861042680357,-0.00978610426803569,-0.0148895109447939));
#1355=CARTESIAN_POINT('',(-0.0127861614070341,-0.00529620146548499,-0.0148895109447939));
#1356=CARTESIAN_POINT('',(-0.0138396413786533,2.40816351273766E-18,-0.0148895109447939));
#1357=CARTESIAN_POINT('',(-0.0127861614070341,0.00529620146548498,-0.0148895109447939));
#1358=CARTESIAN_POINT('',(-0.013122314442746,-0.00543544061190975,-0.013857309761773));
#1359=CARTESIAN_POINT('',(-0.0142034908026125,1.45303427793629E-18,-0.013857309761773));
#1360=CARTESIAN_POINT('',(-0.013122314442746,0.00543544061190974,-0.013857309761773));
#1361=CARTESIAN_POINT('',(-0.0100433846630481,0.0100433846630481,-0.013857309761773));
#1362=CARTESIAN_POINT('',(-0.00543544061190974,0.013122314442746,-0.013857309761773));
#1363=CARTESIAN_POINT('',(-3.9862703079344E-18,0.0142034908026125,-0.013857309761773));
#1364=CARTESIAN_POINT('',(0.00543544061190975,0.013122314442746,-0.013857309761773));
#1365=CARTESIAN_POINT('',(0.0100433846630481,0.0100433846630481,-0.013857309761773));
#1366=CARTESIAN_POINT('',(0.013122314442746,0.00543544061190975,-0.013857309761773));
#1367=CARTESIAN_POINT('',(0.0142034908026125,1.57284922085267E-18,-0.013857309761773));
#1368=CARTESIAN_POINT('',(0.013122314442746,-0.00543544061190974,-0.013857309761773));
#1369=CARTESIAN_POINT('',(0.0100433846630481,-0.0100433846630481,-0.013857309761773));
#1370=CARTESIAN_POINT('',(0.00543544061190976,-0.013122314442746,-0.013857309761773));
#1371=CARTESIAN_POINT('',(2.17235597669603E-18,-0.0142034908026125,-0.013857309761773));
#1372=CARTESIAN_POINT('',(-0.00543544061190975,-0.013122314442746,-0.013857309761773));
#1373=CARTESIAN_POINT('',(-0.0100433846630481,-0.0100433846630481,-0.013857309761773));
#1374=CARTESIAN_POINT('',(-0.013122314442746,-0.00543544061190975,-0.013857309761773));
#1375=CARTESIAN_POINT('',(-0.0142034908026125,1.45303427793629E-18,-0.013857309761773));
#1376=CARTESIAN_POINT('',(-0.013122314442746,0.00543544061190974,-0.013857309761773));
#1377=CARTESIAN_POINT('',(-0.013494480398505,-0.00558959679823866,-0.0126212863294633));
#1378=CARTESIAN_POINT('',(-0.0146063203303404,1.66762318858498E-18,-0.0126212863294633));
#1379=CARTESIAN_POINT('',(-0.013494480398505,0.00558959679823866,-0.0126212863294633));
#1380=CARTESIAN_POINT('',(-0.0103282281537666,0.0103282281537666,-0.0126212863294633));
#1381=CARTESIAN_POINT('',(-0.00558959679823866,0.013494480398505,-0.0126212863294633));
#1382=CARTESIAN_POINT('',(-1.49383016669683E-18,0.0146063203303404,-0.0126212863294633));
#1383=CARTESIAN_POINT('',(0.00558959679823865,0.013494480398505,-0.0126212863294633));
#1384=CARTESIAN_POINT('',(0.0103282281537666,0.0103282281537666,-0.0126212863294633));
#1385=CARTESIAN_POINT('',(0.013494480398505,0.00558959679823866,-0.0126212863294633));
#1386=CARTESIAN_POINT('',(0.0146063203303404,2.90378549655634E-18,-0.0126212863294633));
#1387=CARTESIAN_POINT('',(0.013494480398505,-0.00558959679823866,-0.0126212863294633));
#1388=CARTESIAN_POINT('',(0.0103282281537666,-0.0103282281537666,-0.0126212863294633));
#1389=CARTESIAN_POINT('',(0.00558959679823865,-0.013494480398505,-0.0126212863294633));
#1390=CARTESIAN_POINT('',(7.32220672554128E-18,-0.0146063203303404,-0.0126212863294633));
#1391=CARTESIAN_POINT('',(-0.00558959679823866,-0.013494480398505,-0.0126212863294633));
#1392=CARTESIAN_POINT('',(-0.0103282281537666,-0.0103282281537666,-0.0126212863294633));
#1393=CARTESIAN_POINT('',(-0.013494480398505,-0.00558959679823866,-0.0126212863294633));
#1394=CARTESIAN_POINT('',(-0.0146063203303404,1.66762318858498E-18,-0.0126212863294633));
#1395=CARTESIAN_POINT('',(-0.013494480398505,0.00558959679823866,-0.0126212863294633));
#1396=CARTESIAN_POINT('',(-0.013875539248678,-0.00574743654204263,-0.0112189071639931));
#1397=CARTESIAN_POINT('',(-0.0150187754576201,6.18667084830001E-19,-0.0112189071639931));
#1398=CARTESIAN_POINT('',(-0.013875539248678,0.00574743654204263,-0.0112189071639931));
#1399=CARTESIAN_POINT('',(-0.0106198779712013,0.0106198779712013,-0.0112189071639931));
#1400=CARTESIAN_POINT('',(-0.00574743654204263,0.013875539248678,-0.0112189071639931));
#1401=CARTESIAN_POINT('',(-4.1263567311423E-18,0.0150187754576201,-0.0112189071639931));
#1402=CARTESIAN_POINT('',(0.00574743654204264,0.013875539248678,-0.0112189071639931));
#1403=CARTESIAN_POINT('',(0.0106198779712012,0.0106198779712013,-0.0112189071639931));
#1404=CARTESIAN_POINT('',(0.013875539248678,0.00574743654204263,-0.0112189071639931));
#1405=CARTESIAN_POINT('',(0.0150187754576201,7.02164254901615E-19,-0.0112189071639931));
#1406=CARTESIAN_POINT('',(0.013875539248678,-0.00574743654204262,-0.0112189071639931));
#1407=CARTESIAN_POINT('',(0.0106198779712013,-0.0106198779712013,-0.0112189071639931));
#1408=CARTESIAN_POINT('',(0.00574743654204264,-0.013875539248678,-0.0112189071639931));
#1409=CARTESIAN_POINT('',(2.48342855297049E-18,-0.0150187754576201,-0.0112189071639931));
#1410=CARTESIAN_POINT('',(-0.00574743654204263,-0.013875539248678,-0.0112189071639931));
#1411=CARTESIAN_POINT('',(-0.0106198779712013,-0.0106198779712013,-0.0112189071639931));
#1412=CARTESIAN_POINT('',(-0.013875539248678,-0.00574743654204263,-0.0112189071639931));
#1413=CARTESIAN_POINT('',(-0.0150187754576201,6.18667084830001E-19,-0.0112189071639931));
#1414=CARTESIAN_POINT('',(-0.013875539248678,0.00574743654204263,-0.0112189071639931));
#1415=CARTESIAN_POINT('',(-0.0142039804930187,-0.00588348135989123,-0.00977385353292217));
#1416=CARTESIAN_POINT('',(-0.0153742776987487,2.17924837728898E-18,-0.00977385353292218));
#1417=CARTESIAN_POINT('',(-0.0142039804930187,0.00588348135989122,-0.00977385353292217));
#1418=CARTESIAN_POINT('',(-0.0108712560166303,0.0108712560166303,-0.00977385353292217));
#1419=CARTESIAN_POINT('',(-0.00588348135989122,0.0142039804930187,-0.00977385353292218));
#1420=CARTESIAN_POINT('',(-1.76971405664131E-18,0.0153742776987487,-0.00977385353292217));
#1421=CARTESIAN_POINT('',(0.00588348135989122,0.0142039804930187,-0.00977385353292217));
#1422=CARTESIAN_POINT('',(0.0108712560166303,0.0108712560166303,-0.00977385353292217));
#1423=CARTESIAN_POINT('',(0.0142039804930187,0.00588348135989122,-0.00977385353292217));
#1424=CARTESIAN_POINT('',(0.0153742776987487,2.89983464444643E-18,-0.00977385353292218));
#1425=CARTESIAN_POINT('',(0.0142039804930187,-0.00588348135989122,-0.00977385353292218));
#1426=CARTESIAN_POINT('',(0.0108712560166303,-0.0108712560166303,-0.00977385353292217));
#1427=CARTESIAN_POINT('',(0.00588348135989122,-0.0142039804930187,-0.00977385353292217));
#1428=CARTESIAN_POINT('',(6.14326540690488E-18,-0.0153742776987487,-0.00977385353292218));
#1429=CARTESIAN_POINT('',(-0.00588348135989122,-0.0142039804930187,-0.00977385353292218));
#1430=CARTESIAN_POINT('',(-0.0108712560166303,-0.0108712560166303,-0.00977385353292218));
#1431=CARTESIAN_POINT('',(-0.0142039804930187,-0.00588348135989123,-0.00977385353292217));
#1432=CARTESIAN_POINT('',(-0.0153742776987487,2.17924837728898E-18,-0.00977385353292218));
#1433=CARTESIAN_POINT('',(-0.0142039804930187,0.00588348135989122,-0.00977385353292217));
#1434=CARTESIAN_POINT('',(-0.0144974757171866,-0.00600505106223333,-0.00822157792825725));
#1435=CARTESIAN_POINT('',(-0.0156919546402112,1.02022850681617E-18,-0.00822157792825725));
#1436=CARTESIAN_POINT('',(-0.0144974757171866,0.00600505106223332,-0.00822157792825725));
#1437=CARTESIAN_POINT('',(-0.0110958875361651,0.0110958875361651,-0.00822157792825725));
#1438=CARTESIAN_POINT('',(-0.00600505106223332,0.0144974757171866,-0.00822157792825725));
#1439=CARTESIAN_POINT('',(-3.4302249503681E-18,0.0156919546402112,-0.00822157792825725));
#1440=CARTESIAN_POINT('',(0.00600505106223332,0.0144974757171866,-0.00822157792825725));
#1441=CARTESIAN_POINT('',(0.011095887536165,0.0110958875361651,-0.00822157792825724));
#1442=CARTESIAN_POINT('',(0.0144974757171866,0.00600505106223332,-0.00822157792825725));
#1443=CARTESIAN_POINT('',(0.0156919546402112,1.25029329013642E-18,-0.00822157792825725));
#1444=CARTESIAN_POINT('',(0.0144974757171866,-0.00600505106223332,-0.00822157792825725));
#1445=CARTESIAN_POINT('',(0.011095887536165,-0.0110958875361651,-0.00822157792825725));
#1446=CARTESIAN_POINT('',(0.00600505106223333,-0.0144974757171866,-0.00822157792825725));
#1447=CARTESIAN_POINT('',(4.9061339730377E-18,-0.0156919546402112,-0.00822157792825725));
#1448=CARTESIAN_POINT('',(-0.00600505106223332,-0.0144974757171866,-0.00822157792825725));
#1449=CARTESIAN_POINT('',(-0.0110958875361651,-0.0110958875361651,-0.00822157792825725));
#1450=CARTESIAN_POINT('',(-0.0144974757171866,-0.00600505106223333,-0.00822157792825725));
#1451=CARTESIAN_POINT('',(-0.0156919546402112,1.02022850681617E-18,-0.00822157792825725));
#1452=CARTESIAN_POINT('',(-0.0144974757171866,0.00600505106223332,-0.00822157792825725));
#1453=CARTESIAN_POINT('',(-0.0147184566907661,-0.00609658437851635,-0.00677749906699016));
#1454=CARTESIAN_POINT('',(-0.0159311427224266,2.35284647982473E-18,-0.00677749906699017));
#1455=CARTESIAN_POINT('',(-0.0147184566907661,0.00609658437851634,-0.00677749906699016));
#1456=CARTESIAN_POINT('',(-0.0112650190510786,0.0112650190510786,-0.00677749906699016));
#1457=CARTESIAN_POINT('',(-0.00609658437851635,0.0147184566907661,-0.00677749906699017));
#1458=CARTESIAN_POINT('',(-8.72618334892215E-19,0.0159311427224266,-0.00677749906699017));
#1459=CARTESIAN_POINT('',(0.00609658437851635,0.0147184566907661,-0.00677749906699017));
#1460=CARTESIAN_POINT('',(0.0112650190510786,0.0112650190510786,-0.00677749906699016));
#1461=CARTESIAN_POINT('',(0.0147184566907661,0.00609658437851634,-0.00677749906699016));
#1462=CARTESIAN_POINT('',(0.0159311427224266,3.60685239069879E-18,-0.00677749906699017));
#1463=CARTESIAN_POINT('',(0.0147184566907661,-0.00609658437851635,-0.00677749906699017));
#1464=CARTESIAN_POINT('',(0.0112650190510786,-0.0112650190510786,-0.00677749906699016));
#1465=CARTESIAN_POINT('',(0.00609658437851635,-0.0147184566907661,-0.00677749906699016));
#1466=CARTESIAN_POINT('',(4.47050218403782E-18,-0.0159311427224266,-0.00677749906699017));
#1467=CARTESIAN_POINT('',(-0.00609658437851635,-0.0147184566907661,-0.00677749906699017));
#1468=CARTESIAN_POINT('',(-0.0112650190510786,-0.0112650190510786,-0.00677749906699016));
#1469=CARTESIAN_POINT('',(-0.0147184566907661,-0.00609658437851635,-0.00677749906699016));
#1470=CARTESIAN_POINT('',(-0.0159311427224266,2.35284647982473E-18,-0.00677749906699017));
#1471=CARTESIAN_POINT('',(-0.0147184566907661,0.00609658437851634,-0.00677749906699016));
#1472=CARTESIAN_POINT('',(-0.0148722787016728,-0.0061602995416254,-0.00536905354733156));
#1473=CARTESIAN_POINT('',(-0.0160976384672653,1.84789375203098E-18,-0.00536905354733156));
#1474=CARTESIAN_POINT('',(-0.0148722787016728,0.00616029954162539,-0.00536905354733156));
#1475=CARTESIAN_POINT('',(-0.0113827493212927,0.0113827493212927,-0.00536905354733156));
#1476=CARTESIAN_POINT('',(-0.00616029954162539,0.0148722787016728,-0.00536905354733156));
#1477=CARTESIAN_POINT('',(-6.96548245822323E-18,0.0160976384672653,-0.00536905354733156));
#1478=CARTESIAN_POINT('',(0.0061602995416254,0.0148722787016728,-0.00536905354733156));
#1479=CARTESIAN_POINT('',(0.0113827493212927,0.0113827493212927,-0.00536905354733156));
#1480=CARTESIAN_POINT('',(0.0148722787016728,0.0061602995416254,-0.00536905354733156));
#1481=CARTESIAN_POINT('',(0.0160976384672653,1.61579912297719E-18,-0.00536905354733156));
#1482=CARTESIAN_POINT('',(0.0148722787016728,-0.00616029954162539,-0.00536905354733156));
#1483=CARTESIAN_POINT('',(0.0113827493212927,-0.0113827493212927,-0.00536905354733156));
#1484=CARTESIAN_POINT('',(0.0061602995416254,-0.0148722787016728,-0.00536905354733156));
#1485=CARTESIAN_POINT('',(4.1941473335487E-18,-0.0160976384672653,-0.00536905354733156));
#1486=CARTESIAN_POINT('',(-0.00616029954162539,-0.0148722787016728,-0.00536905354733156));
#1487=CARTESIAN_POINT('',(-0.0113827493212927,-0.0113827493212927,-0.00536905354733156));
#1488=CARTESIAN_POINT('',(-0.0148722787016728,-0.0061602995416254,-0.00536905354733156));
#1489=CARTESIAN_POINT('',(-0.0160976384672653,1.84789375203098E-18,-0.00536905354733156));
#1490=CARTESIAN_POINT('',(-0.0148722787016728,0.00616029954162539,-0.00536905354733156));
#1491=CARTESIAN_POINT('',(-0.0149721046738221,-0.00620164881316673,-0.00408962165846127));
#1492=CARTESIAN_POINT('',(-0.0162056893209063,2.2756657690707E-18,-0.00408962165846127));
#1493=CARTESIAN_POINT('',(-0.0149721046738221,0.00620164881316672,-0.00408962165846127));
#1494=CARTESIAN_POINT('',(-0.0114591528126153,0.0114591528126153,-0.00408962165846127));
#1495=CARTESIAN_POINT('',(-0.00620164881316672,0.0149721046738221,-0.00408962165846127));
#1496=CARTESIAN_POINT('',(-4.78077468341628E-18,0.0162056893209063,-0.00408962165846127));
#1497=CARTESIAN_POINT('',(0.00620164881316672,0.0149721046738221,-0.00408962165846127));
#1498=CARTESIAN_POINT('',(0.0114591528126153,0.0114591528126153,-0.00408962165846127));
#1499=CARTESIAN_POINT('',(0.0149721046738221,0.00620164881316672,-0.00408962165846127));
#1500=CARTESIAN_POINT('',(0.0162056893209063,1.72406640004758E-18,-0.00408962165846127));
#1501=CARTESIAN_POINT('',(0.0149721046738221,-0.00620164881316672,-0.00408962165846127));
#1502=CARTESIAN_POINT('',(0.0114591528126153,-0.0114591528126153,-0.00408962165846127));
#1503=CARTESIAN_POINT('',(0.00620164881316673,-0.0149721046738221,-0.00408962165846127));
#1504=CARTESIAN_POINT('',(4.51329925440554E-18,-0.0162056893209064,-0.00408962165846127));
#1505=CARTESIAN_POINT('',(-0.00620164881316673,-0.0149721046738221,-0.00408962165846127));
#1506=CARTESIAN_POINT('',(-0.0114591528126153,-0.0114591528126153,-0.00408962165846127));
#1507=CARTESIAN_POINT('',(-0.0149721046738221,-0.00620164881316673,-0.00408962165846127));
#1508=CARTESIAN_POINT('',(-0.0162056893209063,2.2756657690707E-18,-0.00408962165846127));
#1509=CARTESIAN_POINT('',(-0.0149721046738221,0.00620164881316672,-0.00408962165846127));
#1510=CARTESIAN_POINT('',(-0.0150315229201067,-0.00622626065663022,-0.00298579359861022));
#1511=CARTESIAN_POINT('',(-0.0162700031672398,2.05986924151229E-18,-0.00298579359861022));
#1512=CARTESIAN_POINT('',(-0.0150315229201067,0.00622626065663021,-0.00298579359861022));
#1513=CARTESIAN_POINT('',(-0.0115046295694819,0.0115046295694819,-0.00298579359861022));
#1514=CARTESIAN_POINT('',(-0.00622626065663021,0.0150315229201067,-0.00298579359861022));
#1515=CARTESIAN_POINT('',(-6.83903172132705E-18,0.0162700031672398,-0.00298579359861022));
#1516=CARTESIAN_POINT('',(0.00622626065663022,0.0150315229201067,-0.00298579359861022));
#1517=CARTESIAN_POINT('',(0.0115046295694819,0.0115046295694819,-0.00298579359861022));
#1518=CARTESIAN_POINT('',(0.0150315229201067,0.00622626065663021,-0.00298579359861022));
#1519=CARTESIAN_POINT('',(0.0162700031672398,2.45908932038415E-18,-0.00298579359861022));
#1520=CARTESIAN_POINT('',(0.0150315229201067,-0.00622626065663021,-0.00298579359861022));
#1521=CARTESIAN_POINT('',(0.0115046295694819,-0.0115046295694819,-0.00298579359861022));
#1522=CARTESIAN_POINT('',(0.00622626065663022,-0.0150315229201067,-0.00298579359861022));
#1523=CARTESIAN_POINT('',(4.34005794442815E-18,-0.0162700031672398,-0.00298579359861022));
#1524=CARTESIAN_POINT('',(-0.00622626065663022,-0.0150315229201067,-0.00298579359861023));
#1525=CARTESIAN_POINT('',(-0.0115046295694819,-0.0115046295694819,-0.00298579359861022));
#1526=CARTESIAN_POINT('',(-0.0150315229201067,-0.00622626065663022,-0.00298579359861022));
#1527=CARTESIAN_POINT('',(-0.0162700031672398,2.05986924151229E-18,-0.00298579359861022));
#1528=CARTESIAN_POINT('',(-0.0150315229201067,0.00622626065663021,-0.00298579359861022));
#1529=CARTESIAN_POINT('',(-0.0150503167315033,-0.0062340453081994,-0.00217836535724718));
#1530=CARTESIAN_POINT('',(-0.0162903454421093,1.45444924912012E-18,-0.00217836535724718));
#1531=CARTESIAN_POINT('',(-0.0150503167315033,0.00623404530819939,-0.00217836535724718));
#1532=CARTESIAN_POINT('',(-0.0115190137299869,0.0115190137299869,-0.00217836535724718));
#1533=CARTESIAN_POINT('',(-0.0062340453081994,0.0150503167315033,-0.00217836535724718));
#1534=CARTESIAN_POINT('',(-4.0017664002958E-18,0.0162903454421093,-0.00217836535724718));
#1535=CARTESIAN_POINT('',(0.00623404530819939,0.0150503167315033,-0.00217836535724718));
#1536=CARTESIAN_POINT('',(0.0115190137299869,0.0115190137299869,-0.00217836535724718));
#1537=CARTESIAN_POINT('',(0.0150503167315033,0.0062340453081994,-0.00217836535724718));
#1538=CARTESIAN_POINT('',(0.0162903454421093,2.3549638667248E-18,-0.00217836535724718));
#1539=CARTESIAN_POINT('',(0.0150503167315034,-0.00623404530819939,-0.00217836535724718));
#1540=CARTESIAN_POINT('',(0.0115190137299869,-0.0115190137299869,-0.00217836535724718));
#1541=CARTESIAN_POINT('',(0.0062340453081994,-0.0150503167315033,-0.00217836535724718));
#1542=CARTESIAN_POINT('',(5.58781466463315E-18,-0.0162903454421093,-0.00217836535724718));
#1543=CARTESIAN_POINT('',(-0.0062340453081994,-0.0150503167315033,-0.00217836535724718));
#1544=CARTESIAN_POINT('',(-0.0115190137299869,-0.0115190137299869,-0.00217836535724718));
#1545=CARTESIAN_POINT('',(-0.0150503167315033,-0.0062340453081994,-0.00217836535724718));
#1546=CARTESIAN_POINT('',(-0.0162903454421093,1.45444924912012E-18,-0.00217836535724718));
#1547=CARTESIAN_POINT('',(-0.0150503167315033,0.00623404530819939,-0.00217836535724718));
#1548=CARTESIAN_POINT('',(-0.0150488531446581,-0.00623343907067839,-0.00138549552810402));
#1549=CARTESIAN_POINT('',(-0.0162887612671236,2.01025757507504E-18,-0.00138549552810402));
#1550=CARTESIAN_POINT('',(-0.0150488531446581,0.00623343907067839,-0.00138549552810402));
#1551=CARTESIAN_POINT('',(-0.0115178935491119,0.0115178935491119,-0.00138549552810402));
#1552=CARTESIAN_POINT('',(-0.00623343907067838,0.0150488531446581,-0.00138549552810402));
#1553=CARTESIAN_POINT('',(-7.92855628484108E-18,0.0162887612671236,-0.00138549552810402));
#1554=CARTESIAN_POINT('',(0.0062334390706784,0.0150488531446581,-0.00138549552810402));
#1555=CARTESIAN_POINT('',(0.0115178935491119,0.0115178935491119,-0.00138549552810402));
#1556=CARTESIAN_POINT('',(0.0150488531446581,0.00623343907067839,-0.00138549552810402));
#1557=CARTESIAN_POINT('',(0.0162887612671236,1.52143807981017E-18,-0.00138549552810402));
#1558=CARTESIAN_POINT('',(0.0150488531446581,-0.00623343907067838,-0.00138549552810402));
#1559=CARTESIAN_POINT('',(0.0115178935491119,-0.0115178935491119,-0.00138549552810402));
#1560=CARTESIAN_POINT('',(0.0062334390706784,-0.0150488531446581,-0.00138549552810402));
#1561=CARTESIAN_POINT('',(2.04912905304204E-18,-0.0162887612671236,-0.00138549552810402));
#1562=CARTESIAN_POINT('',(-0.00623343907067839,-0.0150488531446581,-0.00138549552810402));
#1563=CARTESIAN_POINT('',(-0.0115178935491119,-0.0115178935491119,-0.00138549552810402));
#1564=CARTESIAN_POINT('',(-0.0150488531446581,-0.00623343907067839,-0.00138549552810402));
#1565=CARTESIAN_POINT('',(-0.0162887612671236,2.01025757507504E-18,-0.00138549552810402));
#1566=CARTESIAN_POINT('',(-0.0150488531446581,0.00623343907067839,-0.00138549552810402));
#1567=CARTESIAN_POINT('',(-0.0150336570160732,-0.00622714462812296,-0.000520204912902418));
#1568=CARTESIAN_POINT('',(-0.0162723130960687,1.95369539202664E-18,-0.000520204912902419));
#1569=CARTESIAN_POINT('',(-0.0150336570160732,0.00622714462812295,-0.000520204912902418));
#1570=CARTESIAN_POINT('',(-0.0115062629358208,0.0115062629358208,-0.000520204912902419));
#1571=CARTESIAN_POINT('',(-0.00622714462812296,0.0150336570160732,-0.000520204912902419));
#1572=CARTESIAN_POINT('',(-5.57016926690997E-18,0.0162723130960686,-0.000520204912902418));
#1573=CARTESIAN_POINT('',(0.00622714462812296,0.0150336570160732,-0.000520204912902419));
#1574=CARTESIAN_POINT('',(0.0115062629358208,0.0115062629358208,-0.000520204912902418));
#1575=CARTESIAN_POINT('',(0.0150336570160732,0.00622714462812296,-0.000520204912902418));
#1576=CARTESIAN_POINT('',(0.0162723130960687,2.08606439597471E-18,-0.000520204912902419));
#1577=CARTESIAN_POINT('',(0.0150336570160732,-0.00622714462812295,-0.000520204912902419));
#1578=CARTESIAN_POINT('',(0.0115062629358208,-0.0115062629358208,-0.000520204912902418));
#1579=CARTESIAN_POINT('',(0.00622714462812296,-0.0150336570160732,-0.000520204912902418));
#1580=CARTESIAN_POINT('',(5.23605159528744E-18,-0.0162723130960687,-0.000520204912902419));
#1581=CARTESIAN_POINT('',(-0.00622714462812296,-0.0150336570160732,-0.000520204912902419));
#1582=CARTESIAN_POINT('',(-0.0115062629358208,-0.0115062629358208,-0.000520204912902419));
#1583=CARTESIAN_POINT('',(-0.0150336570160732,-0.00622714462812296,-0.000520204912902418));
#1584=CARTESIAN_POINT('',(-0.0162723130960687,1.95369539202664E-18,-0.000520204912902419));
#1585=CARTESIAN_POINT('',(-0.0150336570160732,0.00622714462812295,-0.000520204912902418));
#1586=CARTESIAN_POINT('',(-0.0149972433356151,-0.00621206158782128,0.000320135927960934));
#1587=CARTESIAN_POINT('',(-0.0162328992123568,1.10371875547229E-18,0.000320135927960934));
#1588=CARTESIAN_POINT('',(-0.0149972433356151,0.00621206158782128,0.000320135927960933));
#1589=CARTESIAN_POINT('',(-0.0114783931113753,0.0114783931113753,0.000320135927960934));
#1590=CARTESIAN_POINT('',(-0.00621206158782128,0.0149972433356151,0.000320135927960934));
#1591=CARTESIAN_POINT('',(-6.12144427000348E-18,0.0162328992123568,0.000320135927960933));
#1592=CARTESIAN_POINT('',(0.00621206158782128,0.0149972433356151,0.000320135927960934));
#1593=CARTESIAN_POINT('',(0.0114783931113753,0.0114783931113753,0.000320135927960933));
#1594=CARTESIAN_POINT('',(0.0149972433356151,0.00621206158782128,0.000320135927960934));
#1595=CARTESIAN_POINT('',(0.0162328992123568,2.59278334557031E-18,0.000320135927960934));
#1596=CARTESIAN_POINT('',(0.0149972433356151,-0.00621206158782127,0.000320135927960934));
#1597=CARTESIAN_POINT('',(0.0114783931113753,-0.0114783931113753,0.000320135927960934));
#1598=CARTESIAN_POINT('',(0.00621206158782129,-0.0149972433356151,0.000320135927960933));
#1599=CARTESIAN_POINT('',(3.20344477924111E-18,-0.0162328992123568,0.000320135927960934));
#1600=CARTESIAN_POINT('',(-0.00621206158782128,-0.0149972433356151,0.000320135927960934));
#1601=CARTESIAN_POINT('',(-0.0114783931113753,-0.0114783931113753,0.000320135927960934));
#1602=CARTESIAN_POINT('',(-0.0149972433356151,-0.00621206158782128,0.000320135927960934));
#1603=CARTESIAN_POINT('',(-0.0162328992123568,1.10371875547229E-18,0.000320135927960934));
#1604=CARTESIAN_POINT('',(-0.0149972433356151,0.00621206158782128,0.000320135927960933));
#1605=CARTESIAN_POINT('',(-0.0149341450821122,-0.00618592543545833,0.0012407801651182));
#1606=CARTESIAN_POINT('',(-0.0161646021549132,2.63127493113188E-18,0.0012407801651182));
#1607=CARTESIAN_POINT('',(-0.0149341450821122,0.00618592543545832,0.0012407801651182));
#1608=CARTESIAN_POINT('',(-0.0114300997989218,0.0114300997989218,0.0012407801651182));
#1609=CARTESIAN_POINT('',(-0.00618592543545832,0.0149341450821122,0.0012407801651182));
#1610=CARTESIAN_POINT('',(-7.12244322615297E-18,0.0161646021549132,0.0012407801651182));
#1611=CARTESIAN_POINT('',(0.00618592543545833,0.0149341450821122,0.0012407801651182));
#1612=CARTESIAN_POINT('',(0.0114300997989218,0.0114300997989218,0.0012407801651182));
#1613=CARTESIAN_POINT('',(0.0149341450821122,0.00618592543545832,0.0012407801651182));
#1614=CARTESIAN_POINT('',(0.0161646021549132,1.89128320623509E-18,0.0012407801651182));
#1615=CARTESIAN_POINT('',(0.0149341450821122,-0.00618592543545832,0.0012407801651182));
#1616=CARTESIAN_POINT('',(0.0114300997989218,-0.0114300997989218,0.0012407801651182));
#1617=CARTESIAN_POINT('',(0.00618592543545833,-0.0149341450821122,0.0012407801651182));
#1618=CARTESIAN_POINT('',(2.16803127028038E-18,-0.0161646021549132,0.0012407801651182));
#1619=CARTESIAN_POINT('',(-0.00618592543545832,-0.0149341450821122,0.0012407801651182));
#1620=CARTESIAN_POINT('',(-0.0114300997989218,-0.0114300997989218,0.0012407801651182));
#1621=CARTESIAN_POINT('',(-0.0149341450821122,-0.00618592543545833,0.0012407801651182));
#1622=CARTESIAN_POINT('',(-0.0161646021549132,2.63127493113188E-18,0.0012407801651182));
#1623=CARTESIAN_POINT('',(-0.0149341450821122,0.00618592543545832,0.0012407801651182));
#1624=CARTESIAN_POINT('',(-0.0148281104605059,-0.00614200445710793,0.00234899968742432));
#1625=CARTESIAN_POINT('',(-0.0160498311075257,2.37947359049339E-18,0.00234899968742432));
#1626=CARTESIAN_POINT('',(-0.0148281104605059,0.00614200445710792,0.00234899968742432));
#1627=CARTESIAN_POINT('',(-0.0113489444130302,0.0113489444130302,0.00234899968742432));
#1628=CARTESIAN_POINT('',(-0.00614200445710792,0.0148281104605059,0.00234899968742433));
#1629=CARTESIAN_POINT('',(-3.05827652327611E-18,0.0160498311075257,0.00234899968742432));
#1630=CARTESIAN_POINT('',(0.00614200445710792,0.0148281104605059,0.00234899968742432));
#1631=CARTESIAN_POINT('',(0.0113489444130302,0.0113489444130302,0.00234899968742432));
#1632=CARTESIAN_POINT('',(0.0148281104605059,0.00614200445710792,0.00234899968742432));
#1633=CARTESIAN_POINT('',(0.0160498311075257,2.05257604449804E-18,0.00234899968742432));
#1634=CARTESIAN_POINT('',(0.0148281104605059,-0.00614200445710792,0.00234899968742432));
#1635=CARTESIAN_POINT('',(0.0113489444130302,-0.0113489444130302,0.00234899968742432));
#1636=CARTESIAN_POINT('',(0.00614200445710792,-0.0148281104605059,0.00234899968742432));
#1637=CARTESIAN_POINT('',(7.49805615795269E-18,-0.0160498311075257,0.00234899968742432));
#1638=CARTESIAN_POINT('',(-0.00614200445710793,-0.0148281104605059,0.00234899968742432));
#1639=CARTESIAN_POINT('',(-0.0113489444130302,-0.0113489444130302,0.00234899968742432));
#1640=CARTESIAN_POINT('',(-0.0148281104605059,-0.00614200445710793,0.00234899968742432));
#1641=CARTESIAN_POINT('',(-0.0160498311075257,2.37947359049339E-18,0.00234899968742432));
#1642=CARTESIAN_POINT('',(-0.0148281104605059,0.00614200445710792,0.00234899968742432));
#1643=CARTESIAN_POINT('',(-0.0146446139963044,-0.00606599773298813,0.00371719368111593));
#1644=CARTESIAN_POINT('',(-0.0158512159658927,1.49293115836373E-18,0.00371719368111593));
#1645=CARTESIAN_POINT('',(-0.0146446139963044,0.00606599773298813,0.00371719368111593));
#1646=CARTESIAN_POINT('',(-0.0112085022995352,0.0112085022995352,0.00371719368111593));
#1647=CARTESIAN_POINT('',(-0.00606599773298813,0.0146446139963044,0.00371719368111593));
#1648=CARTESIAN_POINT('',(-2.91787967997335E-18,0.0158512159658927,0.00371719368111593));
#1649=CARTESIAN_POINT('',(0.00606599773298813,0.0146446139963044,0.00371719368111593));
#1650=CARTESIAN_POINT('',(0.0112085022995352,0.0112085022995352,0.00371719368111593));
#1651=CARTESIAN_POINT('',(0.0146446139963044,0.00606599773298813,0.00371719368111592));
#1652=CARTESIAN_POINT('',(0.0158512159658927,2.1413781429005E-18,0.00371719368111593));
#1653=CARTESIAN_POINT('',(0.0146446139963044,-0.00606599773298813,0.00371719368111593));
#1654=CARTESIAN_POINT('',(0.0112085022995352,-0.0112085022995352,0.00371719368111592));
#1655=CARTESIAN_POINT('',(0.00606599773298814,-0.0146446139963044,0.00371719368111593));
#1656=CARTESIAN_POINT('',(3.09970138842149E-18,-0.0158512159658927,0.00371719368111593));
#1657=CARTESIAN_POINT('',(-0.00606599773298813,-0.0146446139963044,0.00371719368111593));
#1658=CARTESIAN_POINT('',(-0.0112085022995352,-0.0112085022995352,0.00371719368111592));
#1659=CARTESIAN_POINT('',(-0.0146446139963044,-0.00606599773298813,0.00371719368111593));
#1660=CARTESIAN_POINT('',(-0.0158512159658927,1.49293115836373E-18,0.00371719368111593));
#1661=CARTESIAN_POINT('',(-0.0146446139963044,0.00606599773298813,0.00371719368111593));
#1662=CARTESIAN_POINT('',(-0.0143654247176735,-0.00595035374731007,0.00524789511559736));
#1663=CARTESIAN_POINT('',(-0.0155490236682974,1.2059138648586E-18,0.00524789511559737));
#1664=CARTESIAN_POINT('',(-0.0143654247176735,0.00595035374731006,0.00524789511559736));
#1665=CARTESIAN_POINT('',(-0.0109948200766832,0.0109948200766832,0.00524789511559737));
#1666=CARTESIAN_POINT('',(-0.00595035374731006,0.0143654247176735,0.00524789511559737));
#1667=CARTESIAN_POINT('',(-3.07368102799847E-18,0.0155490236682974,0.00524789511559736));
#1668=CARTESIAN_POINT('',(0.00595035374731006,0.0143654247176735,0.00524789511559737));
#1669=CARTESIAN_POINT('',(0.0109948200766832,0.0109948200766832,0.00524789511559736));
#1670=CARTESIAN_POINT('',(0.0143654247176735,0.00595035374731006,0.00524789511559737));
#1671=CARTESIAN_POINT('',(0.0155490236682974,2.26454642532864E-18,0.00524789511559737));
#1672=CARTESIAN_POINT('',(0.0143654247176735,-0.00595035374731006,0.00524789511559737));
#1673=CARTESIAN_POINT('',(0.0109948200766832,-0.0109948200766832,0.00524789511559737));
#1674=CARTESIAN_POINT('',(0.00595035374731007,-0.0143654247176735,0.00524789511559736));
#1675=CARTESIAN_POINT('',(4.34791030596303E-18,-0.0155490236682974,0.00524789511559737));
#1676=CARTESIAN_POINT('',(-0.00595035374731006,-0.0143654247176735,0.00524789511559737));
#1677=CARTESIAN_POINT('',(-0.0109948200766832,-0.0109948200766832,0.00524789511559736));
#1678=CARTESIAN_POINT('',(-0.0143654247176735,-0.00595035374731007,0.00524789511559736));
#1679=CARTESIAN_POINT('',(-0.0155490236682974,1.2059138648586E-18,0.00524789511559737));
#1680=CARTESIAN_POINT('',(-0.0143654247176735,0.00595035374731006,0.00524789511559736));
#1681=CARTESIAN_POINT('',(-0.0139856939941094,-0.00579306413156007,0.00683841667303847));
#1682=CARTESIAN_POINT('',(-0.0151380060949002,9.52368611098296E-19,0.00683841667303847));
#1683=CARTESIAN_POINT('',(-0.0139856939941094,0.00579306413156007,0.00683841667303847));
#1684=CARTESIAN_POINT('',(-0.0107041867633472,0.0107041867633472,0.00683841667303846));
#1685=CARTESIAN_POINT('',(-0.00579306413156008,0.0139856939941094,0.00683841667303846));
#1686=CARTESIAN_POINT('',(-2.28169539377672E-18,0.0151380060949002,0.00683841667303846));
#1687=CARTESIAN_POINT('',(0.00579306413156008,0.0139856939941094,0.00683841667303846));
#1688=CARTESIAN_POINT('',(0.0107041867633472,0.0107041867633472,0.00683841667303847));
#1689=CARTESIAN_POINT('',(0.0139856939941094,0.00579306413156007,0.00683841667303846));
#1690=CARTESIAN_POINT('',(0.0151380060949002,2.25258773667986E-18,0.00683841667303846));
#1691=CARTESIAN_POINT('',(0.0139856939941095,-0.00579306413156007,0.00683841667303847));
#1692=CARTESIAN_POINT('',(0.0107041867633472,-0.0107041867633472,0.00683841667303846));
#1693=CARTESIAN_POINT('',(0.00579306413156008,-0.0139856939941094,0.00683841667303846));
#1694=CARTESIAN_POINT('',(3.67462336436092E-18,-0.0151380060949002,0.00683841667303847));
#1695=CARTESIAN_POINT('',(-0.00579306413156007,-0.0139856939941094,0.00683841667303846));
#1696=CARTESIAN_POINT('',(-0.0107041867633472,-0.0107041867633473,0.00683841667303847));
#1697=CARTESIAN_POINT('',(-0.0139856939941094,-0.00579306413156007,0.00683841667303847));
#1698=CARTESIAN_POINT('',(-0.0151380060949002,9.52368611098296E-19,0.00683841667303847));
#1699=CARTESIAN_POINT('',(-0.0139856939941094,0.00579306413156007,0.00683841667303847));
#1700=CARTESIAN_POINT('',(-0.0135204012322807,-0.0056003335591366,0.00839343089153363));
#1701=CARTESIAN_POINT('',(-0.0146343768386444,1.22961620426473E-18,0.00839343089153364));
#1702=CARTESIAN_POINT('',(-0.0135204012322808,0.0056003335591366,0.00839343089153364));
#1703=CARTESIAN_POINT('',(-0.0103480671010448,0.0103480671010448,0.00839343089153364));
#1704=CARTESIAN_POINT('',(-0.00560033355913659,0.0135204012322808,0.00839343089153364));
#1705=CARTESIAN_POINT('',(-4.2551732299507E-18,0.0146343768386444,0.00839343089153364));
#1706=CARTESIAN_POINT('',(0.0056003335591366,0.0135204012322808,0.00839343089153364));
#1707=CARTESIAN_POINT('',(0.0103480671010448,0.0103480671010448,0.00839343089153363));
#1708=CARTESIAN_POINT('',(0.0135204012322808,0.0056003335591366,0.00839343089153364));
#1709=CARTESIAN_POINT('',(0.0146343768386444,9.58171339692577E-19,0.00839343089153364));
#1710=CARTESIAN_POINT('',(0.0135204012322808,-0.00560033355913659,0.00839343089153364));
#1711=CARTESIAN_POINT('',(0.0103480671010448,-0.0103480671010448,0.00839343089153364));
#1712=CARTESIAN_POINT('',(0.0056003335591366,-0.0135204012322807,0.00839343089153364));
#1713=CARTESIAN_POINT('',(3.47294034798053E-18,-0.0146343768386444,0.00839343089153364));
#1714=CARTESIAN_POINT('',(-0.0056003335591366,-0.0135204012322808,0.00839343089153364));
#1715=CARTESIAN_POINT('',(-0.0103480671010448,-0.0103480671010448,0.00839343089153364));
#1716=CARTESIAN_POINT('',(-0.0135204012322807,-0.0056003335591366,0.00839343089153363));
#1717=CARTESIAN_POINT('',(-0.0146343768386444,1.22961620426473E-18,0.00839343089153364));
#1718=CARTESIAN_POINT('',(-0.0135204012322808,0.0056003335591366,0.00839343089153364));
#1719=CARTESIAN_POINT('',(-0.0129675610683499,-0.00537133966541187,0.00990729645093182));
#1720=CARTESIAN_POINT('',(-0.0140359869571972,1.41500517094538E-18,0.00990729645093181));
#1721=CARTESIAN_POINT('',(-0.0129675610683499,0.00537133966541187,0.00990729645093182));
#1722=CARTESIAN_POINT('',(-0.00992494155808009,0.00992494155808009,0.00990729645093182));
#1723=CARTESIAN_POINT('',(-0.00537133966541187,0.0129675610683499,0.00990729645093182));
#1724=CARTESIAN_POINT('',(-2.63573592264466E-18,0.0140359869571972,0.00990729645093182));
#1725=CARTESIAN_POINT('',(0.00537133966541187,0.0129675610683499,0.00990729645093181));
#1726=CARTESIAN_POINT('',(0.00992494155808009,0.00992494155808009,0.00990729645093182));
#1727=CARTESIAN_POINT('',(0.0129675610683499,0.00537133966541187,0.00990729645093182));
#1728=CARTESIAN_POINT('',(0.0140359869571972,2.03926406564822E-18,0.00990729645093182));
#1729=CARTESIAN_POINT('',(0.0129675610683499,-0.00537133966541187,0.00990729645093182));
#1730=CARTESIAN_POINT('',(0.00992494155808009,-0.00992494155808009,0.00990729645093182));
#1731=CARTESIAN_POINT('',(0.00537133966541187,-0.0129675610683499,0.00990729645093182));
#1732=CARTESIAN_POINT('',(5.16154940658047E-18,-0.0140359869571972,0.00990729645093182));
#1733=CARTESIAN_POINT('',(-0.00537133966541187,-0.0129675610683499,0.00990729645093182));
#1734=CARTESIAN_POINT('',(-0.00992494155808008,-0.0099249415580801,0.00990729645093181));
#1735=CARTESIAN_POINT('',(-0.0129675610683499,-0.00537133966541187,0.00990729645093182));
#1736=CARTESIAN_POINT('',(-0.0140359869571972,1.41500517094538E-18,0.00990729645093181));
#1737=CARTESIAN_POINT('',(-0.0129675610683499,0.00537133966541187,0.00990729645093182));
#1738=CARTESIAN_POINT('',(-0.0123278401849102,-0.00510635859935783,0.01137113034655));
#1739=CARTESIAN_POINT('',(-0.0133435580625979,1.43703579664245E-18,0.01137113034655));
#1740=CARTESIAN_POINT('',(-0.0123278401849102,0.00510635859935783,0.01137113034655));
#1741=CARTESIAN_POINT('',(-0.0094353203912194,0.0094353203912194,0.01137113034655));
#1742=CARTESIAN_POINT('',(-0.00510635859935783,0.0123278401849102,0.01137113034655));
#1743=CARTESIAN_POINT('',(-2.29891286133251E-18,0.0133435580625979,0.01137113034655));
#1744=CARTESIAN_POINT('',(0.00510635859935783,0.0123278401849102,0.01137113034655));
#1745=CARTESIAN_POINT('',(0.00943532039121939,0.0094353203912194,0.01137113034655));
#1746=CARTESIAN_POINT('',(0.0123278401849102,0.00510635859935783,0.01137113034655));
#1747=CARTESIAN_POINT('',(0.0133435580625979,1.88343846625433E-18,0.01137113034655));
#1748=CARTESIAN_POINT('',(0.0123278401849102,-0.00510635859935783,0.01137113034655));
#1749=CARTESIAN_POINT('',(0.0094353203912194,-0.0094353203912194,0.01137113034655));
#1750=CARTESIAN_POINT('',(0.00510635859935783,-0.0123278401849101,0.01137113034655));
#1751=CARTESIAN_POINT('',(4.50034127046064E-18,-0.0133435580625979,0.01137113034655));
#1752=CARTESIAN_POINT('',(-0.00510635859935783,-0.0123278401849101,0.01137113034655));
#1753=CARTESIAN_POINT('',(-0.00943532039121939,-0.0094353203912194,0.01137113034655));
#1754=CARTESIAN_POINT('',(-0.0123278401849102,-0.00510635859935783,0.01137113034655));
#1755=CARTESIAN_POINT('',(-0.0133435580625979,1.43703579664245E-18,0.01137113034655));
#1756=CARTESIAN_POINT('',(-0.0123278401849102,0.00510635859935783,0.01137113034655));
#1757=CARTESIAN_POINT('',(-0.0116341227161782,-0.00481901141535394,0.0127084954212671));
#1758=CARTESIAN_POINT('',(-0.0125926836852359,1.67022439367077E-18,0.0127084954212671));
#1759=CARTESIAN_POINT('',(-0.0116341227161782,0.00481901141535394,0.0127084954212671));
#1760=CARTESIAN_POINT('',(-0.0089043720271675,0.0089043720271675,0.0127084954212671));
#1761=CARTESIAN_POINT('',(-0.00481901141535394,0.0116341227161782,0.0127084954212671));
#1762=CARTESIAN_POINT('',(-4.69569735430843E-18,0.0125926836852359,0.0127084954212671));
#1763=CARTESIAN_POINT('',(0.00481901141535395,0.0116341227161782,0.0127084954212671));
#1764=CARTESIAN_POINT('',(0.00890437202716748,0.0089043720271675,0.0127084954212671));
#1765=CARTESIAN_POINT('',(0.0116341227161782,0.00481901141535394,0.0127084954212671));
#1766=CARTESIAN_POINT('',(0.0125926836852359,1.69148932780951E-18,0.0127084954212671));
#1767=CARTESIAN_POINT('',(0.0116341227161783,-0.00481901141535394,0.0127084954212671));
#1768=CARTESIAN_POINT('',(0.0089043720271675,-0.0089043720271675,0.0127084954212671));
#1769=CARTESIAN_POINT('',(0.00481901141535395,-0.0116341227161782,0.0127084954212671));
#1770=CARTESIAN_POINT('',(4.69168235889736E-18,-0.0125926836852359,0.0127084954212671));
#1771=CARTESIAN_POINT('',(-0.00481901141535394,-0.0116341227161782,0.0127084954212671));
#1772=CARTESIAN_POINT('',(-0.0089043720271675,-0.0089043720271675,0.0127084954212671));
#1773=CARTESIAN_POINT('',(-0.0116341227161782,-0.00481901141535394,0.0127084954212671));
#1774=CARTESIAN_POINT('',(-0.0125926836852359,1.67022439367077E-18,0.0127084954212671));
#1775=CARTESIAN_POINT('',(-0.0116341227161782,0.00481901141535394,0.0127084954212671));
#1776=CARTESIAN_POINT('',(-0.0109667060999305,-0.00454255840115097,0.0138239858192894));
#1777=CARTESIAN_POINT('',(-0.0118702771454638,1.31364876416514E-18,0.0138239858192895));
#1778=CARTESIAN_POINT('',(-0.0109667060999305,0.00454255840115097,0.0138239858192894));
#1779=CARTESIAN_POINT('',(-0.00839355346412115,0.00839355346412115,0.0138239858192894));
#1780=CARTESIAN_POINT('',(-0.00454255840115097,0.0109667060999305,0.0138239858192894));
#1781=CARTESIAN_POINT('',(-5.68985424495166E-19,0.0118702771454638,0.0138239858192894));
#1782=CARTESIAN_POINT('',(0.00454255840115097,0.0109667060999305,0.0138239858192894));
#1783=CARTESIAN_POINT('',(0.00839355346412115,0.00839355346412115,0.0138239858192894));
#1784=CARTESIAN_POINT('',(0.0109667060999305,0.00454255840115097,0.0138239858192894));
#1785=CARTESIAN_POINT('',(0.0118702771454638,1.74709887620845E-18,0.0138239858192895));
#1786=CARTESIAN_POINT('',(0.0109667060999305,-0.00454255840115097,0.0138239858192894));
#1787=CARTESIAN_POINT('',(0.00839355346412115,-0.00839355346412114,0.0138239858192894));
#1788=CARTESIAN_POINT('',(0.00454255840115097,-0.0109667060999305,0.0138239858192894));
#1789=CARTESIAN_POINT('',(3.97885638705276E-18,-0.0118702771454638,0.0138239858192894));
#1790=CARTESIAN_POINT('',(-0.00454255840115097,-0.0109667060999305,0.0138239858192895));
#1791=CARTESIAN_POINT('',(-0.00839355346412115,-0.00839355346412115,0.0138239858192894));
#1792=CARTESIAN_POINT('',(-0.0109667060999305,-0.00454255840115097,0.0138239858192894));
#1793=CARTESIAN_POINT('',(-0.0118702771454638,1.31364876416514E-18,0.0138239858192895));
#1794=CARTESIAN_POINT('',(-0.0109667060999305,0.00454255840115097,0.0138239858192894));
#1795=CARTESIAN_POINT('',(-0.0103689299277723,-0.00429495140337958,0.0147069937531749));
#1796=CARTESIAN_POINT('',(-0.0112232488791991,1.45918068302737E-18,0.0147069937531748));
#1797=CARTESIAN_POINT('',(-0.0103689299277723,0.00429495140337957,0.0147069937531748));
#1798=CARTESIAN_POINT('',(-0.00793603538942603,0.00793603538942603,0.0147069937531749));
#1799=CARTESIAN_POINT('',(-0.00429495140337957,0.0103689299277723,0.0147069937531749));
#1800=CARTESIAN_POINT('',(-3.5559841102661E-18,0.0112232488791991,0.0147069937531749));
#1801=CARTESIAN_POINT('',(0.00429495140337958,0.0103689299277723,0.0147069937531748));
#1802=CARTESIAN_POINT('',(0.00793603538942602,0.00793603538942603,0.0147069937531748));
#1803=CARTESIAN_POINT('',(0.0103689299277723,0.00429495140337958,0.0147069937531748));
#1804=CARTESIAN_POINT('',(0.0112232488791991,9.02434653192505E-19,0.0147069937531749));
#1805=CARTESIAN_POINT('',(0.0103689299277723,-0.00429495140337957,0.0147069937531749));
#1806=CARTESIAN_POINT('',(0.00793603538942603,-0.00793603538942603,0.0147069937531748));
#1807=CARTESIAN_POINT('',(0.00429495140337958,-0.0103689299277723,0.0147069937531748));
#1808=CARTESIAN_POINT('',(1.26596986147072E-18,-0.0112232488791991,0.0147069937531749));
#1809=CARTESIAN_POINT('',(-0.00429495140337957,-0.0103689299277723,0.0147069937531749));
#1810=CARTESIAN_POINT('',(-0.00793603538942603,-0.00793603538942603,0.0147069937531748));
#1811=CARTESIAN_POINT('',(-0.0103689299277723,-0.00429495140337958,0.0147069937531749));
#1812=CARTESIAN_POINT('',(-0.0112232488791991,1.45918068302737E-18,0.0147069937531748));
#1813=CARTESIAN_POINT('',(-0.0103689299277723,0.00429495140337957,0.0147069937531748));
#1814=CARTESIAN_POINT('',(-0.00984531994716445,-0.00407806504801788,0.0154146045990569));
#1815=CARTESIAN_POINT('',(-0.0106564975201939,1.21501544766811E-18,0.0154146045990569));
#1816=CARTESIAN_POINT('',(-0.00984531994716445,0.00407806504801788,0.0154146045990569));
#1817=CARTESIAN_POINT('',(-0.00753528166022675,0.00753528166022675,0.0154146045990569));
#1818=CARTESIAN_POINT('',(-0.00407806504801788,0.00984531994716445,0.0154146045990569));
#1819=CARTESIAN_POINT('',(-2.76789204822111E-18,0.0106564975201939,0.0154146045990569));
#1820=CARTESIAN_POINT('',(0.00407806504801788,0.00984531994716445,0.0154146045990569));
#1821=CARTESIAN_POINT('',(0.00753528166022675,0.00753528166022675,0.0154146045990569));
#1822=CARTESIAN_POINT('',(0.00984531994716444,0.00407806504801788,0.0154146045990569));
#1823=CARTESIAN_POINT('',(0.0106564975201939,1.58610342972298E-18,0.0154146045990569));
#1824=CARTESIAN_POINT('',(0.00984531994716446,-0.00407806504801788,0.0154146045990569));
#1825=CARTESIAN_POINT('',(0.00753528166022675,-0.00753528166022675,0.0154146045990569));
#1826=CARTESIAN_POINT('',(0.00407806504801788,-0.00984531994716445,0.0154146045990569));
#1827=CARTESIAN_POINT('',(1.68216034538602E-18,-0.0106564975201939,0.0154146045990569));
#1828=CARTESIAN_POINT('',(-0.00407806504801788,-0.00984531994716445,0.0154146045990569));
#1829=CARTESIAN_POINT('',(-0.00753528166022675,-0.00753528166022675,0.0154146045990569));
#1830=CARTESIAN_POINT('',(-0.00984531994716445,-0.00407806504801788,0.0154146045990569));
#1831=CARTESIAN_POINT('',(-0.0106564975201939,1.21501544766811E-18,0.0154146045990569));
#1832=CARTESIAN_POINT('',(-0.00984531994716445,0.00407806504801788,0.0154146045990569));
#1833=CARTESIAN_POINT('',(-0.00941421484385603,-0.00389949546741928,0.0159520951947034));
#1834=CARTESIAN_POINT('',(-0.0101898727188666,9.91012648938701E-19,0.0159520951947034));
#1835=CARTESIAN_POINT('',(-0.00941421484385603,0.00389949546741928,0.0159520951947034));
#1836=CARTESIAN_POINT('',(-0.0072053280989384,0.00720532809893841,0.0159520951947034));
#1837=CARTESIAN_POINT('',(-0.00389949546741928,0.00941421484385603,0.0159520951947034));
#1838=CARTESIAN_POINT('',(-3.0630359686708E-18,0.0101898727188666,0.0159520951947034));
#1839=CARTESIAN_POINT('',(0.00389949546741928,0.00941421484385603,0.0159520951947034));
#1840=CARTESIAN_POINT('',(0.00720532809893839,0.00720532809893841,0.0159520951947034));
#1841=CARTESIAN_POINT('',(0.00941421484385603,0.00389949546741928,0.0159520951947034));
#1842=CARTESIAN_POINT('',(0.0101898727188666,1.21209221221605E-18,0.0159520951947034));
#1843=CARTESIAN_POINT('',(0.00941421484385603,-0.00389949546741928,0.0159520951947034));
#1844=CARTESIAN_POINT('',(0.00720532809893841,-0.0072053280989384,0.0159520951947034));
#1845=CARTESIAN_POINT('',(0.00389949546741928,-0.00941421484385603,0.0159520951947034));
#1846=CARTESIAN_POINT('',(1.53304387605615E-18,-0.0101898727188666,0.0159520951947034));
#1847=CARTESIAN_POINT('',(-0.00389949546741928,-0.00941421484385603,0.0159520951947034));
#1848=CARTESIAN_POINT('',(-0.00720532809893841,-0.00720532809893841,0.0159520951947034));
#1849=CARTESIAN_POINT('',(-0.00941421484385603,-0.00389949546741928,0.0159520951947034));
#1850=CARTESIAN_POINT('',(-0.0101898727188666,9.91012648938701E-19,0.0159520951947034));
#1851=CARTESIAN_POINT('',(-0.00941421484385603,0.00389949546741928,0.0159520951947034));
#1852=CARTESIAN_POINT('',(-0.00863829895934753,-0.00357810058479514,0.0168622815326718));
#1853=CARTESIAN_POINT('',(-0.00935002741739167,1.09091374381189E-18,0.0168622815326717));
#1854=CARTESIAN_POINT('',(-0.00863829895934752,0.00357810058479514,0.0168622815326717));
#1855=CARTESIAN_POINT('',(-0.00661146779111779,0.00661146779111778,0.0168622815326717));
#1856=CARTESIAN_POINT('',(-0.00357810058479514,0.00863829895934754,0.0168622815326718));
#1857=CARTESIAN_POINT('',(-3.00386564149253E-18,0.00935002741739167,0.0168622815326718));
#1858=CARTESIAN_POINT('',(0.00357810058479514,0.00863829895934752,0.0168622815326717));
#1859=CARTESIAN_POINT('',(0.00661146779111778,0.00661146779111779,0.0168622815326717));
#1860=CARTESIAN_POINT('',(0.00863829895934753,0.00357810058479514,0.0168622815326718));
#1861=CARTESIAN_POINT('',(0.00935002741739167,6.97203372683224E-19,0.0168622815326717));
#1862=CARTESIAN_POINT('',(0.00863829895934753,-0.00357810058479514,0.0168622815326718));
#1863=CARTESIAN_POINT('',(0.00661146779111778,-0.00661146779111779,0.0168622815326717));
#1864=CARTESIAN_POINT('',(0.00357810058479514,-0.00863829895934752,0.0168622815326717));
#1865=CARTESIAN_POINT('',(1.66926368586579E-18,-0.00935002741739167,0.0168622815326718));
#1866=CARTESIAN_POINT('',(-0.00357810058479514,-0.00863829895934753,0.0168622815326718));
#1867=CARTESIAN_POINT('',(-0.00661146779111778,-0.00661146779111779,0.0168622815326717));
#1868=CARTESIAN_POINT('',(-0.00863829895934753,-0.00357810058479514,0.0168622815326718));
#1869=CARTESIAN_POINT('',(-0.00935002741739167,1.09091374381189E-18,0.0168622815326717));
#1870=CARTESIAN_POINT('',(-0.00863829895934752,0.00357810058479514,0.0168622815326717));
#1871=CARTESIAN_POINT('',(-0.00774361269215986,-0.00320750939885706,0.0178865648272213));
#1872=CARTESIAN_POINT('',(-0.00838162598007902,1.72052566858876E-18,0.0178865648272213));
#1873=CARTESIAN_POINT('',(-0.00774361269215987,0.00320750939885705,0.0178865648272213));
#1874=CARTESIAN_POINT('',(-0.00592670456788322,0.00592670456788322,0.0178865648272213));
#1875=CARTESIAN_POINT('',(-0.00320750939885705,0.00774361269215986,0.0178865648272213));
#1876=CARTESIAN_POINT('',(-3.20196324647765E-18,0.00838162598007902,0.0178865648272213));
#1877=CARTESIAN_POINT('',(0.00320750939885705,0.00774361269215987,0.0178865648272213));
#1878=CARTESIAN_POINT('',(0.00592670456788322,0.00592670456788322,0.0178865648272213));
#1879=CARTESIAN_POINT('',(0.00774361269215986,0.00320750939885705,0.0178865648272213));
#1880=CARTESIAN_POINT('',(0.00838162598007903,1.96741065946687E-18,0.0178865648272213));
#1881=CARTESIAN_POINT('',(0.00774361269215988,-0.00320750939885705,0.0178865648272213));
#1882=CARTESIAN_POINT('',(0.00592670456788322,-0.00592670456788321,0.0178865648272213));
#1883=CARTESIAN_POINT('',(0.00320750939885705,-0.00774361269215987,0.0178865648272213));
#1884=CARTESIAN_POINT('',(2.30626327121875E-18,-0.00838162598007903,0.0178865648272213));
#1885=CARTESIAN_POINT('',(-0.00320750939885705,-0.00774361269215987,0.0178865648272213));
#1886=CARTESIAN_POINT('',(-0.00592670456788322,-0.00592670456788322,0.0178865648272213));
#1887=CARTESIAN_POINT('',(-0.00774361269215986,-0.00320750939885706,0.0178865648272213));
#1888=CARTESIAN_POINT('',(-0.00838162598007902,1.72052566858876E-18,0.0178865648272213));
#1889=CARTESIAN_POINT('',(-0.00774361269215987,0.00320750939885705,0.0178865648272213));
#1890=CARTESIAN_POINT('',(-0.00716069435697898,-0.00296605671866919,0.0185529908125548));
#1891=CARTESIAN_POINT('',(-0.00775067972067181,9.10729824887825E-19,0.0185529908125548));
#1892=CARTESIAN_POINT('',(-0.00716069435697898,0.00296605671866918,0.0185529908125548));
#1893=CARTESIAN_POINT('',(-0.00548055818929209,0.00548055818929209,0.0185529908125548));
#1894=CARTESIAN_POINT('',(-0.00296605671866918,0.00716069435697899,0.0185529908125548));
#1895=CARTESIAN_POINT('',(-1.45232833630869E-18,0.00775067972067181,0.0185529908125548));
#1896=CARTESIAN_POINT('',(0.00296605671866918,0.00716069435697898,0.0185529908125548));
#1897=CARTESIAN_POINT('',(0.00548055818929209,0.00548055818929209,0.0185529908125548));
#1898=CARTESIAN_POINT('',(0.00716069435697899,0.00296605671866918,0.0185529908125548));
#1899=CARTESIAN_POINT('',(0.00775067972067181,1.08120476198459E-18,0.0185529908125548));
#1900=CARTESIAN_POINT('',(0.00716069435697899,-0.00296605671866918,0.0185529908125548));
#1901=CARTESIAN_POINT('',(0.00548055818929209,-0.00548055818929209,0.0185529908125548));
#1902=CARTESIAN_POINT('',(0.00296605671866919,-0.00716069435697898,0.0185529908125548));
#1903=CARTESIAN_POINT('',(2.3595082008733E-18,-0.00775067972067181,0.0185529908125548));
#1904=CARTESIAN_POINT('',(-0.00296605671866918,-0.00716069435697899,0.0185529908125548));
#1905=CARTESIAN_POINT('',(-0.00548055818929209,-0.00548055818929209,0.0185529908125548));
#1906=CARTESIAN_POINT('',(-0.00716069435697898,-0.00296605671866919,0.0185529908125548));
#1907=CARTESIAN_POINT('',(-0.00775067972067181,9.10729824887825E-19,0.0185529908125548));
#1908=CARTESIAN_POINT('',(-0.00716069435697898,0.00296605671866918,0.0185529908125548));
#1909=CARTESIAN_POINT('',(0.,0.,-0.0309954546313221));
#1910=CARTESIAN_POINT('',(0.,0.,0.0286703757797071));
#1911=CARTESIAN_POINT('',(-4.77048955893622E-18,3.25260651745652E-19,0.0286703757797071));
#1912=CARTESIAN_POINT('',(0.00345147126147543,0.00550793483360226,0.0286703757797071));
#1913=CARTESIAN_POINT('',(-0.000187847714330052,0.00649728506656596,0.0286703757797071));
#1914=CARTESIAN_POINT('',(0.00321565711386127,0.00523592070201163,0.0286703757797071));
#1915=CARTESIAN_POINT('',(0.00297984296624711,0.004963906570421,0.0286703757797071));
#1916=CARTESIAN_POINT('',(0.00373543777622109,0.00430886727149277,0.0286703757797071));
#1917=CARTESIAN_POINT('',(0.00449103258619507,0.00365382797256455,0.0286703757797071));
#1918=CARTESIAN_POINT('',(0.00472684673380923,0.00392584210415518,0.0286703757797071));
#1919=CARTESIAN_POINT('',(0.00496266088142339,0.00419785623574581,0.0286703757797071));
#1920=CARTESIAN_POINT('',(-4.77048955893622E-18,3.25260651745652E-19,0.0286703757797071));
#1921=CARTESIAN_POINT('',(0.00645823398923099,0.000735672304998356,0.0286703757797071));
#1922=CARTESIAN_POINT('',(0.00609853706130579,0.000750441192606251,0.0286703757797071));
#1923=CARTESIAN_POINT('',(0.00573884013338059,0.000765210080214145,0.0286703757797071));
#1924=CARTESIAN_POINT('',(0.00569781544558088,-0.000233948052911405,0.0286703757797071));
#1925=CARTESIAN_POINT('',(0.00565679075778117,-0.00123310618603696,0.0286703757797071));
#1926=CARTESIAN_POINT('',(0.00601648768570637,-0.00124787507364485,0.0286703757797071));
#1927=CARTESIAN_POINT('',(0.00637618461363157,-0.00126264396125275,0.0286703757797071));
#1928=CARTESIAN_POINT('',(-4.77048955893622E-18,3.25260651745652E-19,0.0286703757797071));
#1929=CARTESIAN_POINT('',(0.0046018147991305,-0.0045905664742495,0.0286703757797071));
#1930=CARTESIAN_POINT('',(0.00438909421410212,-0.00430013584104223,0.0286703757797071));
#1931=CARTESIAN_POINT('',(0.00417637362907372,-0.00400970520783495,0.0286703757797071));
#1932=CARTESIAN_POINT('',(0.00336962187016462,-0.00460059572180271,0.0286703757797071));
#1933=CARTESIAN_POINT('',(0.00256287011125553,-0.00519148623577046,0.0286703757797071));
#1934=CARTESIAN_POINT('',(0.00277559069628392,-0.00548191686897774,0.0286703757797071));
#1935=CARTESIAN_POINT('',(0.00298831128131232,-0.00577234750218502,0.0286703757797071));
#1936=CARTESIAN_POINT('',(-4.77048955893622E-18,3.25260651745652E-19,0.0286703757797071));
#1937=CARTESIAN_POINT('',(-0.000719864794630058,-0.00646001506789669,0.0286703757797071));
#1938=CARTESIAN_POINT('',(-0.000625426097526111,-0.00611262287960036,0.0286703757797071));
#1939=CARTESIAN_POINT('',(-0.000530987400422166,-0.00576523069130404,0.0286703757797071));
#1940=CARTESIAN_POINT('',(-0.00149596570124529,-0.00550290097712641,0.0286703757797071));
#1941=CARTESIAN_POINT('',(-0.00246094400206841,-0.00524057126294878,0.0286703757797071));
#1942=CARTESIAN_POINT('',(-0.00255538269917236,-0.00558796345124511,0.0286703757797071));
#1943=CARTESIAN_POINT('',(-0.0026498213962763,-0.00593535563954144,0.0286703757797071));
#1944=CARTESIAN_POINT('',(-4.77048955893622E-18,3.25260651745652E-19,0.0286703757797071));
#1945=CARTESIAN_POINT('',(-0.00549947151546846,-0.00346494055512518,0.0286703757797071));
#1946=CARTESIAN_POINT('',(-0.00516898780134979,-0.00332218021503616,0.0286703757797071));
#1947=CARTESIAN_POINT('',(-0.00483850408723112,-0.00317941987494714,0.0286703757797071));
#1948=CARTESIAN_POINT('',(-0.0052350605874784,-0.00226140955795084,0.0286703757797071));
#1949=CARTESIAN_POINT('',(-0.00563161708772568,-0.00134339924095456,0.0286703757797071));
#1950=CARTESIAN_POINT('',(-0.00596210080184434,-0.00148615958104358,0.0286703757797071));
#1951=CARTESIAN_POINT('',(-0.00629258451596302,-0.0016289199211326,0.0286703757797071));
#1952=CARTESIAN_POINT('',(-4.77048955893622E-18,3.25260651745652E-19,0.0286703757797071));
#1953=CARTESIAN_POINT('',(-0.0061378640163843,0.00213930486756212,0.0286703757797071));
#1954=CARTESIAN_POINT('',(-0.00582019626262147,0.00196993191157657,0.0286703757797071));
#1955=CARTESIAN_POINT('',(-0.00550252850885864,0.00180055895559102,0.0286703757797071));
#1956=CARTESIAN_POINT('',(-0.00503204807556545,0.00268296938270998,0.0286703757797071));
#1957=CARTESIAN_POINT('',(-0.00456156764227227,0.00356537980982892,0.0286703757797071));
#1958=CARTESIAN_POINT('',(-0.00487923539603509,0.00373475276581448,0.0286703757797071));
#1959=CARTESIAN_POINT('',(-0.00519690314979792,0.00390412572180003,0.0286703757797071));
#1960=CARTESIAN_POINT('',(-4.77048955893622E-18,3.25260651745652E-19,0.0286703757797071));
#1961=CARTESIAN_POINT('',(-0.00215431972335413,0.00613261009110864,0.0286703757797071));
#1962=CARTESIAN_POINT('',(-0.00208867822777181,0.0057786451294843,0.0286703757797071));
#1963=CARTESIAN_POINT('',(-0.00202303673218949,0.00542468016785996,0.0286703757797071));
#1964=CARTESIAN_POINT('',(-0.00103980072767745,0.00560701765558863,0.0286703757797071));
#1965=CARTESIAN_POINT('',(-5.65647231654138E-5,0.00578935514331729,0.0286703757797071));
#1966=CARTESIAN_POINT('',(-0.000122206218747732,0.00614332010494162,0.0286703757797071));
#1967=CARTESIAN_POINT('',(0.,4.59242549680257E-19,0.0286703757797071));
#1968=CARTESIAN_POINT('',(0.0075,4.59242549680257E-19,0.0286703757797071));
#1969=CARTESIAN_POINT('',(0.,4.59242549680257E-19,0.0183923099359473));
#1970=CARTESIAN_POINT('',(0.,0.,0.0183943099359474));
#1971=CARTESIAN_POINT('',(0.,0.,0.0183943099359474));
#1972=CARTESIAN_POINT('',(-0.00715621641091095,0.,0.0183943099359474));
#1973=CARTESIAN_POINT('',(-4.77048955893622E-18,3.25260651745652E-19,0.0183943099359474));
#1974=CARTESIAN_POINT('',(-0.0065,3.25260651745652E-19,0.0183943099359474));
#1975=CARTESIAN_POINT('',(0.00472684673380923,0.00392584210415518,0.0276703757797071));
#1976=CARTESIAN_POINT('',(0.00449103258619507,0.00365382797256455,0.0276703757797071));
#1977=CARTESIAN_POINT('',(0.00449103258619507,0.00365382797256455,0.0276703757797071));
#1978=CARTESIAN_POINT('',(0.00472684673380923,0.00392584210415518,0.0276703757797071));
#1979=CARTESIAN_POINT('',(0.00496266088142339,0.00419785623574581,0.0276703757797071));
#1980=CARTESIAN_POINT('',(0.00496266088142339,0.00419785623574581,0.0276703757797071));
#1981=CARTESIAN_POINT('',(0.00321565711386127,0.00523592070201163,0.0276703757797071));
#1982=CARTESIAN_POINT('',(0.00345147126147543,0.00550793483360226,0.0276703757797071));
#1983=CARTESIAN_POINT('',(0.00345147126147543,0.00550793483360227,0.0276703757797071));
#1984=CARTESIAN_POINT('',(0.00321565711386127,0.00523592070201163,0.0276703757797071));
#1985=CARTESIAN_POINT('',(0.00297984296624711,0.004963906570421,0.0276703757797071));
#1986=CARTESIAN_POINT('',(0.00297984296624711,0.004963906570421,0.0276703757797071));
#1987=CARTESIAN_POINT('',(0.00373543777622109,0.00430886727149277,0.0276703757797071));
#1988=CARTESIAN_POINT('',(0.00373543777622109,0.00430886727149277,0.0276703757797071));
#1989=CARTESIAN_POINT('',(0.,0.,0.0276703757797071));
#1990=CARTESIAN_POINT('',(9.75781955236954E-18,7.80625564189563E-18,0.0276703757797071));
#1991=CARTESIAN_POINT('',(-0.000122206218747732,0.00614332010494162,0.0276703757797071));
#1992=CARTESIAN_POINT('',(-5.65647231654138E-5,0.00578935514331729,0.0276703757797071));
#1993=CARTESIAN_POINT('',(-5.65647231654138E-5,0.00578935514331729,0.0276703757797071));
#1994=CARTESIAN_POINT('',(-0.000122206218747732,0.00614332010494162,0.0276703757797071));
#1995=CARTESIAN_POINT('',(-0.000187847714330052,0.00649728506656596,0.0276703757797071));
#1996=CARTESIAN_POINT('',(-0.000187847714330052,0.00649728506656596,0.0276703757797071));
#1997=CARTESIAN_POINT('',(-0.00208867822777181,0.0057786451294843,0.0276703757797071));
#1998=CARTESIAN_POINT('',(-0.00215431972335413,0.00613261009110863,0.0276703757797071));
#1999=CARTESIAN_POINT('',(-0.00215431972335413,0.00613261009110864,0.0276703757797071));
#2000=CARTESIAN_POINT('',(-0.00208867822777181,0.0057786451294843,0.0276703757797071));
#2001=CARTESIAN_POINT('',(-0.00202303673218949,0.00542468016785996,0.0276703757797071));
#2002=CARTESIAN_POINT('',(-0.00202303673218949,0.00542468016785996,0.0276703757797071));
#2003=CARTESIAN_POINT('',(-0.00103980072767745,0.00560701765558863,0.0276703757797071));
#2004=CARTESIAN_POINT('',(-0.00103980072767745,0.00560701765558863,0.0276703757797071));
#2005=CARTESIAN_POINT('',(0.,0.,0.0276703757797071));
#2006=CARTESIAN_POINT('',(2.62919026827735E-18,8.67361737988404E-19,0.0276703757797071));
#2007=CARTESIAN_POINT('',(-0.00487923539603509,0.00373475276581448,0.0276703757797071));
#2008=CARTESIAN_POINT('',(-0.00456156764227227,0.00356537980982892,0.0276703757797071));
#2009=CARTESIAN_POINT('',(-0.00456156764227227,0.00356537980982892,0.0276703757797071));
#2010=CARTESIAN_POINT('',(-0.00487923539603509,0.00373475276581448,0.0276703757797071));
#2011=CARTESIAN_POINT('',(-0.00519690314979791,0.00390412572180003,0.0276703757797071));
#2012=CARTESIAN_POINT('',(-0.00519690314979791,0.00390412572180003,0.0276703757797071));
#2013=CARTESIAN_POINT('',(-0.00582019626262147,0.00196993191157657,0.0276703757797071));
#2014=CARTESIAN_POINT('',(-0.00613786401638429,0.00213930486756211,0.0276703757797071));
#2015=CARTESIAN_POINT('',(-0.0061378640163843,0.00213930486756212,0.0276703757797071));
#2016=CARTESIAN_POINT('',(-0.00582019626262147,0.00196993191157657,0.0276703757797071));
#2017=CARTESIAN_POINT('',(-0.00550252850885864,0.00180055895559102,0.0276703757797071));
#2018=CARTESIAN_POINT('',(-0.00550252850885864,0.00180055895559102,0.0276703757797071));
#2019=CARTESIAN_POINT('',(-0.00503204807556545,0.00268296938270998,0.0276703757797071));
#2020=CARTESIAN_POINT('',(-0.00503204807556545,0.00268296938270998,0.0276703757797071));
#2021=CARTESIAN_POINT('',(0.,0.,0.0276703757797071));
#2022=CARTESIAN_POINT('',(-1.99493199737333E-17,1.75640751942651E-17,0.0276703757797071));
#2023=CARTESIAN_POINT('',(-0.00596210080184434,-0.00148615958104358,0.0276703757797071));
#2024=CARTESIAN_POINT('',(-0.00563161708772568,-0.00134339924095456,0.0276703757797071));
#2025=CARTESIAN_POINT('',(-0.00563161708772568,-0.00134339924095456,0.0276703757797071));
#2026=CARTESIAN_POINT('',(-0.00596210080184434,-0.00148615958104358,0.0276703757797071));
#2027=CARTESIAN_POINT('',(-0.00629258451596301,-0.0016289199211326,0.0276703757797071));
#2028=CARTESIAN_POINT('',(-0.00629258451596301,-0.0016289199211326,0.0276703757797071));
#2029=CARTESIAN_POINT('',(-0.00516898780134979,-0.00332218021503616,0.0276703757797071));
#2030=CARTESIAN_POINT('',(-0.00549947151546845,-0.00346494055512518,0.0276703757797071));
#2031=CARTESIAN_POINT('',(-0.00549947151546846,-0.00346494055512518,0.0276703757797071));
#2032=CARTESIAN_POINT('',(-0.00516898780134979,-0.00332218021503616,0.0276703757797071));
#2033=CARTESIAN_POINT('',(-0.00483850408723112,-0.00317941987494714,0.0276703757797071));
#2034=CARTESIAN_POINT('',(-0.00483850408723112,-0.00317941987494714,0.0276703757797071));
#2035=CARTESIAN_POINT('',(-0.0052350605874784,-0.00226140955795084,0.0276703757797071));
#2036=CARTESIAN_POINT('',(-0.0052350605874784,-0.00226140955795084,0.0276703757797071));
#2037=CARTESIAN_POINT('',(0.,0.,0.0276703757797071));
#2038=CARTESIAN_POINT('',(-6.93889390390723E-18,-3.57786716920216E-18,0.0276703757797071));
#2039=CARTESIAN_POINT('',(-0.00255538269917236,-0.00558796345124511,0.0276703757797071));
#2040=CARTESIAN_POINT('',(-0.00246094400206841,-0.00524057126294878,0.0276703757797071));
#2041=CARTESIAN_POINT('',(-0.00246094400206841,-0.00524057126294878,0.0276703757797071));
#2042=CARTESIAN_POINT('',(-0.00255538269917236,-0.00558796345124511,0.0276703757797071));
#2043=CARTESIAN_POINT('',(-0.0026498213962763,-0.00593535563954143,0.0276703757797071));
#2044=CARTESIAN_POINT('',(-0.0026498213962763,-0.00593535563954143,0.0276703757797071));
#2045=CARTESIAN_POINT('',(-0.000625426097526111,-0.00611262287960036,0.0276703757797071));
#2046=CARTESIAN_POINT('',(-0.000719864794630057,-0.00646001506789669,0.0276703757797071));
#2047=CARTESIAN_POINT('',(-0.000719864794630058,-0.00646001506789669,0.0276703757797071));
#2048=CARTESIAN_POINT('',(-0.000625426097526111,-0.00611262287960036,0.0276703757797071));
#2049=CARTESIAN_POINT('',(-0.000530987400422166,-0.00576523069130404,0.0276703757797071));
#2050=CARTESIAN_POINT('',(-0.000530987400422166,-0.00576523069130404,0.0276703757797071));
#2051=CARTESIAN_POINT('',(-0.00149596570124529,-0.00550290097712641,0.0276703757797071));
#2052=CARTESIAN_POINT('',(-0.00149596570124529,-0.00550290097712641,0.0276703757797071));
#2053=CARTESIAN_POINT('',(0.,0.,0.0276703757797071));
#2054=CARTESIAN_POINT('',(-6.83047368665868E-18,-2.29850860566927E-17,0.0276703757797071));
#2055=CARTESIAN_POINT('',(0.00277559069628392,-0.00548191686897774,0.0276703757797071));
#2056=CARTESIAN_POINT('',(0.00256287011125553,-0.00519148623577046,0.0276703757797071));
#2057=CARTESIAN_POINT('',(0.00256287011125553,-0.00519148623577046,0.0276703757797071));
#2058=CARTESIAN_POINT('',(0.00277559069628392,-0.00548191686897774,0.0276703757797071));
#2059=CARTESIAN_POINT('',(0.00298831128131232,-0.00577234750218501,0.0276703757797071));
#2060=CARTESIAN_POINT('',(0.00298831128131232,-0.00577234750218501,0.0276703757797071));
#2061=CARTESIAN_POINT('',(0.00438909421410212,-0.00430013584104223,0.0276703757797071));
#2062=CARTESIAN_POINT('',(0.00460181479913051,-0.0045905664742495,0.0276703757797071));
#2063=CARTESIAN_POINT('',(0.00460181479913051,-0.0045905664742495,0.0276703757797071));
#2064=CARTESIAN_POINT('',(0.00438909421410212,-0.00430013584104223,0.0276703757797071));
#2065=CARTESIAN_POINT('',(0.00417637362907372,-0.00400970520783495,0.0276703757797071));
#2066=CARTESIAN_POINT('',(0.00417637362907372,-0.00400970520783495,0.0276703757797071));
#2067=CARTESIAN_POINT('',(0.00336962187016462,-0.00460059572180271,0.0276703757797071));
#2068=CARTESIAN_POINT('',(0.00336962187016462,-0.00460059572180271,0.0276703757797071));
#2069=CARTESIAN_POINT('',(0.,0.,0.0276703757797071));
#2070=CARTESIAN_POINT('',(-6.07153216591882E-18,9.97465998686664E-18,0.0276703757797071));
#2071=CARTESIAN_POINT('',(0.00609853706130579,0.000750441192606251,0.0276703757797071));
#2072=CARTESIAN_POINT('',(0.00645823398923099,0.000735672304998357,0.0276703757797071));
#2073=CARTESIAN_POINT('',(0.00645823398923099,0.000735672304998356,0.0276703757797071));
#2074=CARTESIAN_POINT('',(0.00609853706130579,0.000750441192606251,0.0276703757797071));
#2075=CARTESIAN_POINT('',(0.00573884013338059,0.000765210080214145,0.0276703757797071));
#2076=CARTESIAN_POINT('',(0.00573884013338059,0.000765210080214145,0.0276703757797071));
#2077=CARTESIAN_POINT('',(0.00569781544558088,-0.000233948052911405,0.0276703757797071));
#2078=CARTESIAN_POINT('',(0.00569781544558088,-0.000233948052911405,0.0276703757797071));
#2079=CARTESIAN_POINT('',(0.00565679075778117,-0.00123310618603696,0.0276703757797071));
#2080=CARTESIAN_POINT('',(0.00565679075778117,-0.00123310618603696,0.0276703757797071));
#2081=CARTESIAN_POINT('',(0.00601648768570637,-0.00124787507364485,0.0276703757797071));
#2082=CARTESIAN_POINT('',(0.00601648768570637,-0.00124787507364485,0.0276703757797071));
#2083=CARTESIAN_POINT('',(0.00637618461363157,-0.00126264396125275,0.0276703757797071));
#2084=CARTESIAN_POINT('',(0.00637618461363157,-0.00126264396125275,0.0276703757797071));
#2085=CARTESIAN_POINT('',(0.,0.,0.0276703757797071));
#2086=CARTESIAN_POINT('',(2.81892564846231E-17,5.74627151417317E-18,0.0276703757797071));
#2087=CARTESIAN_POINT('',(0.,0.,-0.0305954546313221));
#2088=CARTESIAN_POINT('',(0.,0.,-0.0305954546313221));
#2089=CARTESIAN_POINT('',(0.,0.,-0.0305954546313221));
#2090=CARTESIAN_POINT('',(0.,0.,-0.0305954546313221));
#2091=CARTESIAN_POINT('',(0.,0.,-0.0305954546313221));
#2092=CARTESIAN_POINT('',(0.,0.,-0.0305954546313221));
#2093=CARTESIAN_POINT('',(0.,0.,-0.0305954546313221));
#2094=CARTESIAN_POINT('',(0.,0.,-0.0305954546313221));
#2095=CARTESIAN_POINT('',(0.,0.,-0.0305954546313221));
#2096=CARTESIAN_POINT('',(0.,0.,-0.0305954546313221));
#2097=CARTESIAN_POINT('',(0.,0.,-0.0305954546313221));
#2098=CARTESIAN_POINT('',(0.,0.,-0.0305954546313221));
#2099=CARTESIAN_POINT('',(0.,0.,-0.0305954546313221));
#2100=CARTESIAN_POINT('',(0.,0.,-0.0305954546313221));
#2101=CARTESIAN_POINT('',(0.,0.,-0.0305954546313221));
#2102=CARTESIAN_POINT('',(0.,0.,-0.0305954546313221));
#2103=CARTESIAN_POINT('',(0.,0.,-0.0305954546313221));
#2104=CARTESIAN_POINT('',(0.,0.,-0.0305954546313221));
#2105=CARTESIAN_POINT('',(0.,0.,-0.0305954546313221));
#2106=CARTESIAN_POINT('',(-0.00016358773908016,-6.77602601649537E-5,-0.0305957428490978));
#2107=CARTESIAN_POINT('',(-0.000177066092843833,1.89768417307164E-20,-0.0305957428490978));
#2108=CARTESIAN_POINT('',(-0.000163587739080161,6.77602601649536E-5,-0.0305957428490978));
#2109=CARTESIAN_POINT('',(-0.000125204634968081,0.000125204634968081,-0.0305957428490978));
#2110=CARTESIAN_POINT('',(-6.77602601649536E-5,0.00016358773908016,-0.0305957428490978));
#2111=CARTESIAN_POINT('',(2.84300335945348E-20,0.000177066092843833,-0.0305957428490978));
#2112=CARTESIAN_POINT('',(6.77602601649536E-5,0.000163587739080161,-0.0305957428490979));
#2113=CARTESIAN_POINT('',(0.000125204634968081,0.000125204634968081,-0.0305957428490978));
#2114=CARTESIAN_POINT('',(0.00016358773908016,6.77602601649536E-5,-0.0305957428490978));
#2115=CARTESIAN_POINT('',(0.000177066092843833,1.3585170356293E-20,-0.0305957428490978));
#2116=CARTESIAN_POINT('',(0.000163587739080161,-6.77602601649536E-5,-0.0305957428490978));
#2117=CARTESIAN_POINT('',(0.000125204634968081,-0.000125204634968081,-0.0305957428490978));
#2118=CARTESIAN_POINT('',(6.77602601649536E-5,-0.00016358773908016,-0.0305957428490978));
#2119=CARTESIAN_POINT('',(1.21525167249676E-19,-0.000177066092843833,-0.0305957428490978));
#2120=CARTESIAN_POINT('',(-6.77602601649538E-5,-0.000163587739080161,-0.0305957428490978));
#2121=CARTESIAN_POINT('',(-0.000125204634968081,-0.000125204634968081,-0.0305957428490978));
#2122=CARTESIAN_POINT('',(-0.00016358773908016,-6.77602601649537E-5,-0.0305957428490978));
#2123=CARTESIAN_POINT('',(-0.000177066092843833,1.89768417307164E-20,-0.0305957428490978));
#2124=CARTESIAN_POINT('',(-0.000163587739080161,6.77602601649536E-5,-0.0305957428490978));
#2125=CARTESIAN_POINT('',(-0.000384464255893046,-0.00015925030903858,-0.0306051163090396));
#2126=CARTESIAN_POINT('',(-0.000416141111869852,5.28482484842284E-20,-0.0306051163090397));
#2127=CARTESIAN_POINT('',(-0.000384464255893045,0.00015925030903858,-0.0306051163090397));
#2128=CARTESIAN_POINT('',(-0.000294256202133682,0.000294256202133682,-0.0306051163090396));
#2129=CARTESIAN_POINT('',(-0.00015925030903858,0.000384464255893046,-0.0306051163090397));
#2130=CARTESIAN_POINT('',(-2.78339287369526E-19,0.000416141111869852,-0.0306051163090397));
#2131=CARTESIAN_POINT('',(0.00015925030903858,0.000384464255893046,-0.0306051163090396));
#2132=CARTESIAN_POINT('',(0.000294256202133681,0.000294256202133682,-0.0306051163090396));
#2133=CARTESIAN_POINT('',(0.000384464255893046,0.00015925030903858,-0.0306051163090396));
#2134=CARTESIAN_POINT('',(0.000416141111869852,4.23811203459202E-20,-0.0306051163090397));
#2135=CARTESIAN_POINT('',(0.000384464255893046,-0.00015925030903858,-0.0306051163090397));
#2136=CARTESIAN_POINT('',(0.000294256202133682,-0.000294256202133682,-0.0306051163090397));
#2137=CARTESIAN_POINT('',(0.00015925030903858,-0.000384464255893045,-0.0306051163090396));
#2138=CARTESIAN_POINT('',(4.2721834135337E-21,-0.000416141111869852,-0.0306051163090397));
#2139=CARTESIAN_POINT('',(-0.00015925030903858,-0.000384464255893045,-0.0306051163090396));
#2140=CARTESIAN_POINT('',(-0.000294256202133682,-0.000294256202133682,-0.0306051163090397));
#2141=CARTESIAN_POINT('',(-0.000384464255893046,-0.00015925030903858,-0.0306051163090396));
#2142=CARTESIAN_POINT('',(-0.000416141111869852,5.28482484842284E-20,-0.0306051163090397));
#2143=CARTESIAN_POINT('',(-0.000384464255893045,0.00015925030903858,-0.0306051163090397));
#2144=CARTESIAN_POINT('',(-0.000736028736433411,-0.000304873084927052,-0.030565118258288));
#2145=CARTESIAN_POINT('',(-0.000796671763506591,7.63558141158477E-20,-0.030565118258288));
#2146=CARTESIAN_POINT('',(-0.000736028736433412,0.000304873084927051,-0.030565118258288));
#2147=CARTESIAN_POINT('',(-0.000563332006355356,0.000563332006355356,-0.030565118258288));
#2148=CARTESIAN_POINT('',(-0.000304873084927051,0.000736028736433412,-0.030565118258288));
#2149=CARTESIAN_POINT('',(-2.12632678980063E-19,0.000796671763506591,-0.030565118258288));
#2150=CARTESIAN_POINT('',(0.000304873084927052,0.000736028736433412,-0.030565118258288));
#2151=CARTESIAN_POINT('',(0.000563332006355356,0.000563332006355356,-0.030565118258288));
#2152=CARTESIAN_POINT('',(0.000736028736433412,0.000304873084927051,-0.030565118258288));
#2153=CARTESIAN_POINT('',(0.000796671763506591,1.36861224993307E-19,-0.030565118258288));
#2154=CARTESIAN_POINT('',(0.000736028736433413,-0.000304873084927051,-0.030565118258288));
#2155=CARTESIAN_POINT('',(0.000563332006355355,-0.000563332006355356,-0.030565118258288));
#2156=CARTESIAN_POINT('',(0.000304873084927052,-0.000736028736433412,-0.030565118258288));
#2157=CARTESIAN_POINT('',(2.88676230281736E-19,-0.000796671763506591,-0.030565118258288));
#2158=CARTESIAN_POINT('',(-0.000304873084927052,-0.000736028736433412,-0.030565118258288));
#2159=CARTESIAN_POINT('',(-0.000563332006355356,-0.000563332006355356,-0.030565118258288));
#2160=CARTESIAN_POINT('',(-0.000736028736433411,-0.000304873084927052,-0.030565118258288));
#2161=CARTESIAN_POINT('',(-0.000796671763506591,7.63558141158477E-20,-0.030565118258288));
#2162=CARTESIAN_POINT('',(-0.000736028736433412,0.000304873084927051,-0.030565118258288));
#2163=CARTESIAN_POINT('',(-0.00106311616560587,-0.000440357134172035,-0.0304943648930987));
#2164=CARTESIAN_POINT('',(-0.00115070864565656,1.23742581262953E-19,-0.0304943648930987));
#2165=CARTESIAN_POINT('',(-0.00106311616560587,0.000440357134172034,-0.0304943648930987));
#2166=CARTESIAN_POINT('',(-0.000813673886513738,0.000813673886513739,-0.0304943648930987));
#2167=CARTESIAN_POINT('',(-0.000440357134172035,0.00106311616560587,-0.0304943648930987));
#2168=CARTESIAN_POINT('',(-4.26187196380757E-19,0.00115070864565656,-0.0304943648930987));
#2169=CARTESIAN_POINT('',(0.000440357134172035,0.00106311616560587,-0.0304943648930987));
#2170=CARTESIAN_POINT('',(0.000813673886513738,0.000813673886513738,-0.0304943648930987));
#2171=CARTESIAN_POINT('',(0.00106311616560587,0.000440357134172035,-0.0304943648930987));
#2172=CARTESIAN_POINT('',(0.00115070864565656,6.21584847772952E-20,-0.0304943648930987));
#2173=CARTESIAN_POINT('',(0.00106311616560588,-0.000440357134172034,-0.0304943648930987));
#2174=CARTESIAN_POINT('',(0.000813673886513739,-0.000813673886513738,-0.0304943648930987));
#2175=CARTESIAN_POINT('',(0.000440357134172035,-0.00106311616560587,-0.0304943648930987));
#2176=CARTESIAN_POINT('',(2.08508737485387E-19,-0.00115070864565656,-0.0304943648930987));
#2177=CARTESIAN_POINT('',(-0.000440357134172035,-0.00106311616560587,-0.0304943648930987));
#2178=CARTESIAN_POINT('',(-0.000813673886513738,-0.000813673886513739,-0.0304943648930987));
#2179=CARTESIAN_POINT('',(-0.00106311616560587,-0.000440357134172035,-0.0304943648930987));
#2180=CARTESIAN_POINT('',(-0.00115070864565656,1.23742581262953E-19,-0.0304943648930987));
#2181=CARTESIAN_POINT('',(-0.00106311616560587,0.000440357134172034,-0.0304943648930987));
#2182=CARTESIAN_POINT('',(-0.00143318676377324,-0.000593645394968481,-0.0303891132699299));
#2183=CARTESIAN_POINT('',(-0.00155127017467045,1.46525596162752E-19,-0.0303891132699299));
#2184=CARTESIAN_POINT('',(-0.00143318676377324,0.000593645394968481,-0.0303891132699298));
#2185=CARTESIAN_POINT('',(-0.00109691365996192,0.00109691365996192,-0.0303891132699298));
#2186=CARTESIAN_POINT('',(-0.000593645394968481,0.00143318676377324,-0.0303891132699298));
#2187=CARTESIAN_POINT('',(-5.52572054469433E-19,0.00155127017467045,-0.0303891132699298));
#2188=CARTESIAN_POINT('',(0.000593645394968482,0.00143318676377324,-0.0303891132699299));
#2189=CARTESIAN_POINT('',(0.00109691365996191,0.00109691365996192,-0.0303891132699298));
#2190=CARTESIAN_POINT('',(0.00143318676377324,0.000593645394968481,-0.0303891132699299));
#2191=CARTESIAN_POINT('',(0.00155127017467045,2.43051059029561E-19,-0.0303891132699298));
#2192=CARTESIAN_POINT('',(0.00143318676377324,-0.000593645394968481,-0.0303891132699299));
#2193=CARTESIAN_POINT('',(0.00109691365996192,-0.00109691365996192,-0.0303891132699299));
#2194=CARTESIAN_POINT('',(0.000593645394968481,-0.00143318676377324,-0.0303891132699299));
#2195=CARTESIAN_POINT('',(7.18279903585209E-19,-0.00155127017467045,-0.0303891132699298));
#2196=CARTESIAN_POINT('',(-0.000593645394968481,-0.00143318676377324,-0.0303891132699299));
#2197=CARTESIAN_POINT('',(-0.00109691365996192,-0.00109691365996192,-0.0303891132699298));
#2198=CARTESIAN_POINT('',(-0.00143318676377324,-0.000593645394968481,-0.0303891132699299));
#2199=CARTESIAN_POINT('',(-0.00155127017467045,1.46525596162752E-19,-0.0303891132699299));
#2200=CARTESIAN_POINT('',(-0.00143318676377324,0.000593645394968481,-0.0303891132699298));
#2201=CARTESIAN_POINT('',(-0.00184511386984865,-0.000764271189014017,-0.0302361186262677));
#2202=CARTESIAN_POINT('',(-0.00199713686137549,2.44247969144363E-19,-0.0302361186262677));
#2203=CARTESIAN_POINT('',(-0.00184511386984865,0.000764271189014016,-0.0302361186262677));
#2204=CARTESIAN_POINT('',(-0.00141218901763623,0.00141218901763623,-0.0302361186262677));
#2205=CARTESIAN_POINT('',(-0.000764271189014016,0.00184511386984865,-0.0302361186262677));
#2206=CARTESIAN_POINT('',(-3.84580560365836E-19,0.00199713686137549,-0.0302361186262677));
#2207=CARTESIAN_POINT('',(0.000764271189014016,0.00184511386984865,-0.0302361186262677));
#2208=CARTESIAN_POINT('',(0.00141218901763623,0.00141218901763623,-0.0302361186262677));
#2209=CARTESIAN_POINT('',(0.00184511386984865,0.000764271189014016,-0.0302361186262677));
#2210=CARTESIAN_POINT('',(0.00199713686137549,1.37063335906781E-19,-0.0302361186262677));
#2211=CARTESIAN_POINT('',(0.00184511386984865,-0.000764271189014016,-0.0302361186262677));
#2212=CARTESIAN_POINT('',(0.00141218901763623,-0.00141218901763623,-0.0302361186262677));
#2213=CARTESIAN_POINT('',(0.000764271189014017,-0.00184511386984865,-0.0302361186262677));
#2214=CARTESIAN_POINT('',(2.12201335326496E-19,-0.00199713686137549,-0.0302361186262677));
#2215=CARTESIAN_POINT('',(-0.000764271189014016,-0.00184511386984865,-0.0302361186262677));
#2216=CARTESIAN_POINT('',(-0.00141218901763623,-0.00141218901763623,-0.0302361186262677));
#2217=CARTESIAN_POINT('',(-0.00184511386984865,-0.000764271189014017,-0.0302361186262677));
#2218=CARTESIAN_POINT('',(-0.00199713686137549,2.44247969144363E-19,-0.0302361186262677));
#2219=CARTESIAN_POINT('',(-0.00184511386984865,0.000764271189014016,-0.0302361186262677));
#2220=CARTESIAN_POINT('',(-0.00234623122244498,-0.000971840792799919,-0.0299950543266238));
#2221=CARTESIAN_POINT('',(-0.00253954237525694,2.48702844764664E-19,-0.0299950543266238));
#2222=CARTESIAN_POINT('',(-0.00234623122244498,0.000971840792799919,-0.0299950543266238));
#2223=CARTESIAN_POINT('',(-0.00179572763465477,0.00179572763465477,-0.0299950543266238));
#2224=CARTESIAN_POINT('',(-0.000971840792799918,0.00234623122244499,-0.0299950543266238));
#2225=CARTESIAN_POINT('',(-7.64663053452624E-19,0.00253954237525694,-0.0299950543266238));
#2226=CARTESIAN_POINT('',(0.000971840792799919,0.00234623122244498,-0.0299950543266238));
#2227=CARTESIAN_POINT('',(0.00179572763465477,0.00179572763465477,-0.0299950543266238));
#2228=CARTESIAN_POINT('',(0.00234623122244498,0.000971840792799919,-0.0299950543266238));
#2229=CARTESIAN_POINT('',(0.00253954237525694,4.33890647619862E-19,-0.0299950543266238));
#2230=CARTESIAN_POINT('',(0.00234623122244499,-0.000971840792799919,-0.0299950543266238));
#2231=CARTESIAN_POINT('',(0.00179572763465477,-0.00179572763465477,-0.0299950543266238));
#2232=CARTESIAN_POINT('',(0.000971840792799919,-0.00234623122244498,-0.0299950543266238));
#2233=CARTESIAN_POINT('',(3.4731245624872E-19,-0.00253954237525694,-0.0299950543266238));
#2234=CARTESIAN_POINT('',(-0.000971840792799919,-0.00234623122244499,-0.0299950543266238));
#2235=CARTESIAN_POINT('',(-0.00179572763465477,-0.00179572763465477,-0.0299950543266238));
#2236=CARTESIAN_POINT('',(-0.00234623122244498,-0.000971840792799919,-0.0299950543266238));
#2237=CARTESIAN_POINT('',(-0.00253954237525694,2.48702844764664E-19,-0.0299950543266238));
#2238=CARTESIAN_POINT('',(-0.00234623122244498,0.000971840792799919,-0.0299950543266238));
#2239=CARTESIAN_POINT('',(-0.00299262764176045,-0.00123958695634979,-0.0296086590882638));
#2240=CARTESIAN_POINT('',(-0.00323919681782094,5.34294597777996E-19,-0.0296086590882638));
#2241=CARTESIAN_POINT('',(-0.00299262764176046,0.00123958695634979,-0.0296086590882638));
#2242=CARTESIAN_POINT('',(-0.00229045803547907,0.00229045803547907,-0.0296086590882638));
#2243=CARTESIAN_POINT('',(-0.00123958695634979,0.00299262764176045,-0.0296086590882638));
#2244=CARTESIAN_POINT('',(-2.65887600511504E-19,0.00323919681782094,-0.0296086590882638));
#2245=CARTESIAN_POINT('',(0.00123958695634979,0.00299262764176045,-0.0296086590882638));
#2246=CARTESIAN_POINT('',(0.00229045803547907,0.00229045803547907,-0.0296086590882638));
#2247=CARTESIAN_POINT('',(0.00299262764176046,0.00123958695634979,-0.0296086590882638));
#2248=CARTESIAN_POINT('',(0.00323919681782093,2.60912091090951E-19,-0.0296086590882638));
#2249=CARTESIAN_POINT('',(0.00299262764176046,-0.00123958695634979,-0.0296086590882638));
#2250=CARTESIAN_POINT('',(0.00229045803547907,-0.00229045803547907,-0.0296086590882638));
#2251=CARTESIAN_POINT('',(0.00123958695634979,-0.00299262764176045,-0.0296086590882638));
#2252=CARTESIAN_POINT('',(1.71666467153688E-18,-0.00323919681782094,-0.0296086590882638));
#2253=CARTESIAN_POINT('',(-0.00123958695634979,-0.00299262764176046,-0.0296086590882638));
#2254=CARTESIAN_POINT('',(-0.00229045803547907,-0.00229045803547907,-0.0296086590882638));
#2255=CARTESIAN_POINT('',(-0.00299262764176045,-0.00123958695634979,-0.0296086590882638));
#2256=CARTESIAN_POINT('',(-0.00323919681782094,5.34294597777996E-19,-0.0296086590882638));
#2257=CARTESIAN_POINT('',(-0.00299262764176046,0.00123958695634979,-0.0296086590882638));
#2258=CARTESIAN_POINT('',(-0.00378851548728875,-0.00156925449609552,-0.0290146579415983));
#2259=CARTESIAN_POINT('',(-0.00410065961412828,2.36561978001295E-19,-0.0290146579415983));
#2260=CARTESIAN_POINT('',(-0.00378851548728875,0.00156925449609552,-0.0290146579415983));
#2261=CARTESIAN_POINT('',(-0.00289960422048792,0.00289960422048792,-0.0290146579415983));
#2262=CARTESIAN_POINT('',(-0.00156925449609551,0.00378851548728875,-0.0290146579415983));
#2263=CARTESIAN_POINT('',(-1.33826343333945E-18,0.00410065961412828,-0.0290146579415983));
#2264=CARTESIAN_POINT('',(0.00156925449609552,0.00378851548728875,-0.0290146579415983));
#2265=CARTESIAN_POINT('',(0.00289960422048792,0.00289960422048792,-0.0290146579415983));
#2266=CARTESIAN_POINT('',(0.00378851548728875,0.00156925449609552,-0.0290146579415983));
#2267=CARTESIAN_POINT('',(0.00410065961412828,6.66003655440545E-19,-0.0290146579415983));
#2268=CARTESIAN_POINT('',(0.00378851548728875,-0.00156925449609551,-0.0290146579415983));
#2269=CARTESIAN_POINT('',(0.00289960422048792,-0.00289960422048792,-0.0290146579415983));
#2270=CARTESIAN_POINT('',(0.00156925449609552,-0.00378851548728875,-0.0290146579415983));
#2271=CARTESIAN_POINT('',(5.02658503164327E-19,-0.00410065961412828,-0.0290146579415983));
#2272=CARTESIAN_POINT('',(-0.00156925449609552,-0.00378851548728875,-0.0290146579415983));
#2273=CARTESIAN_POINT('',(-0.00289960422048792,-0.00289960422048792,-0.0290146579415983));
#2274=CARTESIAN_POINT('',(-0.00378851548728875,-0.00156925449609552,-0.0290146579415983));
#2275=CARTESIAN_POINT('',(-0.00410065961412828,2.36561978001295E-19,-0.0290146579415983));
#2276=CARTESIAN_POINT('',(-0.00378851548728875,0.00156925449609552,-0.0290146579415983));
#2277=CARTESIAN_POINT('',(-0.00469582615313468,-0.00194507487917466,-0.0281711072655305));
#2278=CARTESIAN_POINT('',(-0.00508272560208201,5.38477158183241E-19,-0.0281711072655305));
#2279=CARTESIAN_POINT('',(-0.00469582615313468,0.00194507487917466,-0.0281711072655305));
#2280=CARTESIAN_POINT('',(-0.00359402974014267,0.00359402974014267,-0.0281711072655305));
#2281=CARTESIAN_POINT('',(-0.00194507487917466,0.00469582615313468,-0.0281711072655305));
#2282=CARTESIAN_POINT('',(-1.76734593110273E-18,0.00508272560208201,-0.0281711072655305));
#2283=CARTESIAN_POINT('',(0.00194507487917466,0.00469582615313468,-0.0281711072655305));
#2284=CARTESIAN_POINT('',(0.00359402974014266,0.00359402974014267,-0.0281711072655305));
#2285=CARTESIAN_POINT('',(0.00469582615313468,0.00194507487917466,-0.0281711072655305));
#2286=CARTESIAN_POINT('',(0.00508272560208201,5.17633098678239E-19,-0.0281711072655305));
#2287=CARTESIAN_POINT('',(0.00469582615313468,-0.00194507487917466,-0.0281711072655305));
#2288=CARTESIAN_POINT('',(0.00359402974014267,-0.00359402974014267,-0.0281711072655305));
#2289=CARTESIAN_POINT('',(0.00194507487917466,-0.00469582615313467,-0.0281711072655305));
#2290=CARTESIAN_POINT('',(1.10280020384682E-18,-0.00508272560208201,-0.0281711072655305));
#2291=CARTESIAN_POINT('',(-0.00194507487917466,-0.00469582615313468,-0.0281711072655305));
#2292=CARTESIAN_POINT('',(-0.00359402974014266,-0.00359402974014267,-0.0281711072655305));
#2293=CARTESIAN_POINT('',(-0.00469582615313468,-0.00194507487917466,-0.0281711072655305));
#2294=CARTESIAN_POINT('',(-0.00508272560208201,5.38477158183241E-19,-0.0281711072655305));
#2295=CARTESIAN_POINT('',(-0.00469582615313468,0.00194507487917466,-0.0281711072655305));
#2296=CARTESIAN_POINT('',(-0.00557112897123198,-0.00230763717761396,-0.0272080055222546));
#2297=CARTESIAN_POINT('',(-0.00603014654528448,1.22497826545358E-18,-0.0272080055222546));
#2298=CARTESIAN_POINT('',(-0.00557112897123198,0.00230763717761395,-0.0272080055222546));
#2299=CARTESIAN_POINT('',(-0.00426395751371929,0.00426395751371929,-0.0272080055222546));
#2300=CARTESIAN_POINT('',(-0.00230763717761395,0.00557112897123198,-0.0272080055222546));
#2301=CARTESIAN_POINT('',(-1.31598283513211E-18,0.00603014654528448,-0.0272080055222546));
#2302=CARTESIAN_POINT('',(0.00230763717761395,0.00557112897123198,-0.0272080055222546));
#2303=CARTESIAN_POINT('',(0.00426395751371928,0.00426395751371929,-0.0272080055222546));
#2304=CARTESIAN_POINT('',(0.00557112897123198,0.00230763717761395,-0.0272080055222546));
#2305=CARTESIAN_POINT('',(0.00603014654528448,6.80454511892168E-19,-0.0272080055222546));
#2306=CARTESIAN_POINT('',(0.00557112897123197,-0.00230763717761395,-0.0272080055222546));
#2307=CARTESIAN_POINT('',(0.00426395751371928,-0.00426395751371929,-0.0272080055222546));
#2308=CARTESIAN_POINT('',(0.00230763717761396,-0.00557112897123197,-0.0272080055222546));
#2309=CARTESIAN_POINT('',(2.81052560119902E-18,-0.00603014654528448,-0.0272080055222546));
#2310=CARTESIAN_POINT('',(-0.00230763717761396,-0.00557112897123198,-0.0272080055222546));
#2311=CARTESIAN_POINT('',(-0.00426395751371928,-0.00426395751371929,-0.0272080055222546));
#2312=CARTESIAN_POINT('',(-0.00557112897123198,-0.00230763717761396,-0.0272080055222546));
#2313=CARTESIAN_POINT('',(-0.00603014654528448,1.22497826545358E-18,-0.0272080055222546));
#2314=CARTESIAN_POINT('',(-0.00557112897123198,0.00230763717761395,-0.0272080055222546));
#2315=CARTESIAN_POINT('',(-0.00631855760599132,-0.00261723225503728,-0.0262713250791192));
#2316=CARTESIAN_POINT('',(-0.00683915746982319,1.76579846358063E-19,-0.0262713250791192));
#2317=CARTESIAN_POINT('',(-0.00631855760599132,0.00261723225503728,-0.0262713250791192));
#2318=CARTESIAN_POINT('',(-0.00483601462451461,0.00483601462451461,-0.0262713250791192));
#2319=CARTESIAN_POINT('',(-0.00261723225503728,0.00631855760599132,-0.0262713250791192));
#2320=CARTESIAN_POINT('',(-2.55208485804575E-18,0.00683915746982319,-0.0262713250791192));
#2321=CARTESIAN_POINT('',(0.00261723225503729,0.00631855760599132,-0.0262713250791192));
#2322=CARTESIAN_POINT('',(0.0048360146245146,0.00483601462451461,-0.0262713250791192));
#2323=CARTESIAN_POINT('',(0.00631855760599132,0.00261723225503728,-0.0262713250791192));
#2324=CARTESIAN_POINT('',(0.00683915746982319,9.06364333577163E-19,-0.0262713250791192));
#2325=CARTESIAN_POINT('',(0.00631855760599133,-0.00261723225503728,-0.0262713250791192));
#2326=CARTESIAN_POINT('',(0.00483601462451461,-0.0048360146245146,-0.0262713250791192));
#2327=CARTESIAN_POINT('',(0.00261723225503729,-0.00631855760599132,-0.0262713250791192));
#2328=CARTESIAN_POINT('',(8.80200410986029E-19,-0.00683915746982319,-0.0262713250791192));
#2329=CARTESIAN_POINT('',(-0.00261723225503728,-0.00631855760599132,-0.0262713250791192));
#2330=CARTESIAN_POINT('',(-0.00483601462451461,-0.00483601462451461,-0.0262713250791192));
#2331=CARTESIAN_POINT('',(-0.00631855760599132,-0.00261723225503728,-0.0262713250791192));
#2332=CARTESIAN_POINT('',(-0.00683915746982319,1.76579846358063E-19,-0.0262713250791192));
#2333=CARTESIAN_POINT('',(-0.00631855760599132,0.00261723225503728,-0.0262713250791192));
#2334=CARTESIAN_POINT('',(-0.00693681535209501,-0.00287332299851566,-0.0254329206383047));
#2335=CARTESIAN_POINT('',(-0.00750835483197618,1.37916620199504E-18,-0.0254329206383047));
#2336=CARTESIAN_POINT('',(-0.00693681535209502,0.00287332299851565,-0.0254329206383047));
#2337=CARTESIAN_POINT('',(-0.00530920861724514,0.00530920861724514,-0.0254329206383047));
#2338=CARTESIAN_POINT('',(-0.00287332299851565,0.00693681535209502,-0.0254329206383047));
#2339=CARTESIAN_POINT('',(-7.46365095552812E-19,0.00750835483197618,-0.0254329206383047));
#2340=CARTESIAN_POINT('',(0.00287332299851565,0.00693681535209502,-0.0254329206383047));
#2341=CARTESIAN_POINT('',(0.00530920861724514,0.00530920861724514,-0.0254329206383047));
#2342=CARTESIAN_POINT('',(0.00693681535209501,0.00287332299851565,-0.0254329206383047));
#2343=CARTESIAN_POINT('',(0.00750835483197618,8.22282921078209E-19,-0.0254329206383047));
#2344=CARTESIAN_POINT('',(0.00693681535209502,-0.00287332299851565,-0.0254329206383047));
#2345=CARTESIAN_POINT('',(0.00530920861724514,-0.00530920861724514,-0.0254329206383047));
#2346=CARTESIAN_POINT('',(0.00287332299851565,-0.00693681535209501,-0.0254329206383047));
#2347=CARTESIAN_POINT('',(2.70443187617846E-18,-0.00750835483197618,-0.0254329206383047));
#2348=CARTESIAN_POINT('',(-0.00287332299851565,-0.00693681535209502,-0.0254329206383047));
#2349=CARTESIAN_POINT('',(-0.00530920861724513,-0.00530920861724514,-0.0254329206383047));
#2350=CARTESIAN_POINT('',(-0.00693681535209501,-0.00287332299851566,-0.0254329206383047));
#2351=CARTESIAN_POINT('',(-0.00750835483197618,1.37916620199504E-18,-0.0254329206383047));
#2352=CARTESIAN_POINT('',(-0.00693681535209502,0.00287332299851565,-0.0254329206383047));
#2353=CARTESIAN_POINT('',(-0.00750328483208676,-0.00310796233979867,-0.0246225933453823));
#2354=CARTESIAN_POINT('',(-0.00812149697882295,1.19356685289407E-18,-0.0246225933453823));
#2355=CARTESIAN_POINT('',(-0.00750328483208676,0.00310796233979867,-0.0246225933453823));
#2356=CARTESIAN_POINT('',(-0.00574276558711176,0.00574276558711176,-0.0246225933453823));
#2357=CARTESIAN_POINT('',(-0.00310796233979867,0.00750328483208677,-0.0246225933453823));
#2358=CARTESIAN_POINT('',(-3.15455990734586E-18,0.00812149697882294,-0.0246225933453823));
#2359=CARTESIAN_POINT('',(0.00310796233979867,0.00750328483208676,-0.0246225933453823));
#2360=CARTESIAN_POINT('',(0.00574276558711175,0.00574276558711176,-0.0246225933453823));
#2361=CARTESIAN_POINT('',(0.00750328483208677,0.00310796233979867,-0.0246225933453823));
#2362=CARTESIAN_POINT('',(0.00812149697882294,1.11368506549199E-18,-0.0246225933453823));
#2363=CARTESIAN_POINT('',(0.00750328483208677,-0.00310796233979867,-0.0246225933453823));
#2364=CARTESIAN_POINT('',(0.00574276558711176,-0.00574276558711176,-0.0246225933453823));
#2365=CARTESIAN_POINT('',(0.00310796233979867,-0.00750328483208676,-0.0246225933453823));
#2366=CARTESIAN_POINT('',(2.26534261556259E-18,-0.00812149697882294,-0.0246225933453823));
#2367=CARTESIAN_POINT('',(-0.00310796233979867,-0.00750328483208677,-0.0246225933453823));
#2368=CARTESIAN_POINT('',(-0.00574276558711176,-0.00574276558711176,-0.0246225933453823));
#2369=CARTESIAN_POINT('',(-0.00750328483208676,-0.00310796233979867,-0.0246225933453823));
#2370=CARTESIAN_POINT('',(-0.00812149697882295,1.19356685289407E-18,-0.0246225933453823));
#2371=CARTESIAN_POINT('',(-0.00750328483208676,0.00310796233979867,-0.0246225933453823));
#2372=CARTESIAN_POINT('',(-0.00812820170828477,-0.00336681138527571,-0.0236734805610872));
#2373=CARTESIAN_POINT('',(-0.00879790213145075,5.86422179787912E-19,-0.0236734805610872));
#2374=CARTESIAN_POINT('',(-0.00812820170828477,0.00336681138527571,-0.0236734805610872));
#2375=CARTESIAN_POINT('',(-0.0062210562573644,0.0062210562573644,-0.0236734805610872));
#2376=CARTESIAN_POINT('',(-0.00336681138527571,0.00812820170828477,-0.0236734805610872));
#2377=CARTESIAN_POINT('',(-2.91242332046437E-18,0.00879790213145075,-0.0236734805610872));
#2378=CARTESIAN_POINT('',(0.00336681138527571,0.00812820170828477,-0.0236734805610872));
#2379=CARTESIAN_POINT('',(0.0062210562573644,0.0062210562573644,-0.0236734805610872));
#2380=CARTESIAN_POINT('',(0.00812820170828476,0.00336681138527571,-0.0236734805610872));
#2381=CARTESIAN_POINT('',(0.00879790213145075,8.83236727058971E-19,-0.0236734805610872));
#2382=CARTESIAN_POINT('',(0.00812820170828477,-0.00336681138527571,-0.0236734805610872));
#2383=CARTESIAN_POINT('',(0.00622105625736441,-0.0062210562573644,-0.0236734805610872));
#2384=CARTESIAN_POINT('',(0.00336681138527572,-0.00812820170828477,-0.0236734805610872));
#2385=CARTESIAN_POINT('',(2.18341144622931E-18,-0.00879790213145075,-0.0236734805610872));
#2386=CARTESIAN_POINT('',(-0.00336681138527572,-0.00812820170828477,-0.0236734805610872));
#2387=CARTESIAN_POINT('',(-0.0062210562573644,-0.00622105625736441,-0.0236734805610872));
#2388=CARTESIAN_POINT('',(-0.00812820170828477,-0.00336681138527571,-0.0236734805610872));
#2389=CARTESIAN_POINT('',(-0.00879790213145075,5.86422179787912E-19,-0.0236734805610872));
#2390=CARTESIAN_POINT('',(-0.00812820170828477,0.00336681138527571,-0.0236734805610872));
#2391=CARTESIAN_POINT('',(-0.00889962179363296,-0.00368634404691395,-0.0224251222597129));
#2392=CARTESIAN_POINT('',(-0.00963288121498053,1.42153381588501E-18,-0.0224251222597129));
#2393=CARTESIAN_POINT('',(-0.00889962179363297,0.00368634404691394,-0.0224251222597129));
#2394=CARTESIAN_POINT('',(-0.00681147562947724,0.00681147562947724,-0.0224251222597129));
#2395=CARTESIAN_POINT('',(-0.00368634404691395,0.00889962179363297,-0.0224251222597129));
#2396=CARTESIAN_POINT('',(-3.07606726546024E-18,0.00963288121498053,-0.0224251222597129));
#2397=CARTESIAN_POINT('',(0.00368634404691395,0.00889962179363296,-0.0224251222597129));
#2398=CARTESIAN_POINT('',(0.00681147562947724,0.00681147562947724,-0.0224251222597129));
#2399=CARTESIAN_POINT('',(0.00889962179363296,0.00368634404691395,-0.0224251222597129));
#2400=CARTESIAN_POINT('',(0.00963288121498053,1.47242733358439E-18,-0.0224251222597129));
#2401=CARTESIAN_POINT('',(0.00889962179363297,-0.00368634404691394,-0.0224251222597129));
#2402=CARTESIAN_POINT('',(0.00681147562947724,-0.00681147562947724,-0.0224251222597129));
#2403=CARTESIAN_POINT('',(0.00368634404691395,-0.00889962179363296,-0.0224251222597129));
#2404=CARTESIAN_POINT('',(5.22428838392341E-19,-0.00963288121498053,-0.0224251222597129));
#2405=CARTESIAN_POINT('',(-0.00368634404691394,-0.00889962179363296,-0.0224251222597129));
#2406=CARTESIAN_POINT('',(-0.00681147562947724,-0.00681147562947724,-0.0224251222597129));
#2407=CARTESIAN_POINT('',(-0.00889962179363296,-0.00368634404691395,-0.0224251222597129));
#2408=CARTESIAN_POINT('',(-0.00963288121498053,1.42153381588501E-18,-0.0224251222597129));
#2409=CARTESIAN_POINT('',(-0.00889962179363297,0.00368634404691394,-0.0224251222597129));
#2410=CARTESIAN_POINT('',(-0.00965679279866991,-0.00399997454623592,-0.0210822097476126));
#2411=CARTESIAN_POINT('',(-0.0104524372051201,1.24538451471338E-18,-0.0210822097476126));
#2412=CARTESIAN_POINT('',(-0.00965679279866991,0.00399997454623591,-0.0210822097476126));
#2413=CARTESIAN_POINT('',(-0.00739098922766696,0.00739098922766696,-0.0210822097476126));
#2414=CARTESIAN_POINT('',(-0.00399997454623591,0.00965679279866992,-0.0210822097476126));
#2415=CARTESIAN_POINT('',(-3.06260327439629E-18,0.0104524372051201,-0.0210822097476126));
#2416=CARTESIAN_POINT('',(0.00399997454623592,0.00965679279866991,-0.0210822097476125));
#2417=CARTESIAN_POINT('',(0.00739098922766696,0.00739098922766697,-0.0210822097476125));
#2418=CARTESIAN_POINT('',(0.00965679279866991,0.00399997454623592,-0.0210822097476126));
#2419=CARTESIAN_POINT('',(0.0104524372051201,1.20661360491152E-18,-0.0210822097476125));
#2420=CARTESIAN_POINT('',(0.00965679279866991,-0.00399997454623591,-0.0210822097476126));
#2421=CARTESIAN_POINT('',(0.00739098922766697,-0.00739098922766696,-0.0210822097476125));
#2422=CARTESIAN_POINT('',(0.00399997454623591,-0.00965679279866991,-0.0210822097476125));
#2423=CARTESIAN_POINT('',(3.01843207445319E-18,-0.0104524372051201,-0.0210822097476126));
#2424=CARTESIAN_POINT('',(-0.00399997454623592,-0.00965679279866992,-0.0210822097476126));
#2425=CARTESIAN_POINT('',(-0.00739098922766696,-0.00739098922766696,-0.0210822097476126));
#2426=CARTESIAN_POINT('',(-0.00965679279866991,-0.00399997454623592,-0.0210822097476126));
#2427=CARTESIAN_POINT('',(-0.0104524372051201,1.24538451471338E-18,-0.0210822097476126));
#2428=CARTESIAN_POINT('',(-0.00965679279866991,0.00399997454623591,-0.0210822097476126));
#2429=CARTESIAN_POINT('',(-0.0103212680010329,-0.00427520918691527,-0.0197934832985193));
#2430=CARTESIAN_POINT('',(-0.0111716599814455,9.88262773085711E-19,-0.0197934832985193));
#2431=CARTESIAN_POINT('',(-0.0103212680010329,0.00427520918691527,-0.0197934832985193));
#2432=CARTESIAN_POINT('',(-0.00789955652999046,0.00789955652999046,-0.0197934832985193));
#2433=CARTESIAN_POINT('',(-0.00427520918691527,0.0103212680010329,-0.0197934832985193));
#2434=CARTESIAN_POINT('',(-2.74185133445724E-18,0.0111716599814455,-0.0197934832985193));
#2435=CARTESIAN_POINT('',(0.00427520918691527,0.0103212680010329,-0.0197934832985193));
#2436=CARTESIAN_POINT('',(0.00789955652999045,0.00789955652999047,-0.0197934832985193));
#2437=CARTESIAN_POINT('',(0.0103212680010329,0.00427520918691526,-0.0197934832985193));
#2438=CARTESIAN_POINT('',(0.0111716599814455,9.20226136965249E-19,-0.0197934832985193));
#2439=CARTESIAN_POINT('',(0.0103212680010329,-0.00427520918691526,-0.0197934832985193));
#2440=CARTESIAN_POINT('',(0.00789955652999046,-0.00789955652999046,-0.0197934832985193));
#2441=CARTESIAN_POINT('',(0.00427520918691527,-0.0103212680010329,-0.0197934832985193));
#2442=CARTESIAN_POINT('',(2.35970868933795E-18,-0.0111716599814455,-0.0197934832985193));
#2443=CARTESIAN_POINT('',(-0.00427520918691527,-0.0103212680010329,-0.0197934832985193));
#2444=CARTESIAN_POINT('',(-0.00789955652999046,-0.00789955652999046,-0.0197934832985193));
#2445=CARTESIAN_POINT('',(-0.0103212680010329,-0.00427520918691527,-0.0197934832985193));
#2446=CARTESIAN_POINT('',(-0.0111716599814455,9.88262773085711E-19,-0.0197934832985193));
#2447=CARTESIAN_POINT('',(-0.0103212680010329,0.00427520918691527,-0.0197934832985193));
#2448=CARTESIAN_POINT('',(-0.01082012245316,-0.00448184146663652,-0.0187464767319155));
#2449=CARTESIAN_POINT('',(-0.011711616149509,1.75976246853718E-18,-0.0187464767319155));
#2450=CARTESIAN_POINT('',(-0.01082012245316,0.00448184146663651,-0.0187464767319155));
#2451=CARTESIAN_POINT('',(-0.00828136319797169,0.00828136319797169,-0.0187464767319155));
#2452=CARTESIAN_POINT('',(-0.00448184146663652,0.01082012245316,-0.0187464767319155));
#2453=CARTESIAN_POINT('',(-2.34143085509963E-18,0.011711616149509,-0.0187464767319155));
#2454=CARTESIAN_POINT('',(0.00448184146663652,0.01082012245316,-0.0187464767319155));
#2455=CARTESIAN_POINT('',(0.0082813631979717,0.00828136319797169,-0.0187464767319155));
#2456=CARTESIAN_POINT('',(0.01082012245316,0.00448184146663652,-0.0187464767319155));
#2457=CARTESIAN_POINT('',(0.011711616149509,1.93801278813014E-18,-0.0187464767319155));
#2458=CARTESIAN_POINT('',(0.01082012245316,-0.00448184146663652,-0.0187464767319155));
#2459=CARTESIAN_POINT('',(0.00828136319797169,-0.00828136319797169,-0.0187464767319155));
#2460=CARTESIAN_POINT('',(0.00448184146663652,-0.01082012245316,-0.0187464767319155));
#2461=CARTESIAN_POINT('',(1.39969902306035E-18,-0.011711616149509,-0.0187464767319155));
#2462=CARTESIAN_POINT('',(-0.00448184146663652,-0.01082012245316,-0.0187464767319155));
#2463=CARTESIAN_POINT('',(-0.00828136319797169,-0.00828136319797169,-0.0187464767319155));
#2464=CARTESIAN_POINT('',(-0.01082012245316,-0.00448184146663652,-0.0187464767319155));
#2465=CARTESIAN_POINT('',(-0.011711616149509,1.75976246853718E-18,-0.0187464767319155));
#2466=CARTESIAN_POINT('',(-0.01082012245316,0.00448184146663651,-0.0187464767319155));
#2467=CARTESIAN_POINT('',(-0.0112121007190031,-0.0046442041805042,-0.0178731577171648));
#2468=CARTESIAN_POINT('',(-0.0121358903671416,8.73445077218639E-19,-0.0178731577171648));
#2469=CARTESIAN_POINT('',(-0.0112121007190031,0.0046442041805042,-0.0178731577171648));
#2470=CARTESIAN_POINT('',(-0.00858137037434236,0.00858137037434236,-0.0178731577171648));
#2471=CARTESIAN_POINT('',(-0.0046442041805042,0.0112121007190031,-0.0178731577171648));
#2472=CARTESIAN_POINT('',(-2.45369534912432E-18,0.0121358903671417,-0.0178731577171648));
#2473=CARTESIAN_POINT('',(0.0046442041805042,0.0112121007190031,-0.0178731577171648));
#2474=CARTESIAN_POINT('',(0.00858137037434235,0.00858137037434236,-0.0178731577171648));
#2475=CARTESIAN_POINT('',(0.0112121007190031,0.0046442041805042,-0.0178731577171648));
#2476=CARTESIAN_POINT('',(0.0121358903671416,1.2674301343565E-18,-0.0178731577171648));
#2477=CARTESIAN_POINT('',(0.0112121007190031,-0.00464420418050419,-0.0178731577171648));
#2478=CARTESIAN_POINT('',(0.00858137037434236,-0.00858137037434236,-0.0178731577171648));
#2479=CARTESIAN_POINT('',(0.0046442041805042,-0.011212100719003,-0.0178731577171648));
#2480=CARTESIAN_POINT('',(6.33879721996124E-18,-0.0121358903671417,-0.0178731577171648));
#2481=CARTESIAN_POINT('',(-0.0046442041805042,-0.0112121007190031,-0.0178731577171648));
#2482=CARTESIAN_POINT('',(-0.00858137037434236,-0.00858137037434236,-0.0178731577171648));
#2483=CARTESIAN_POINT('',(-0.0112121007190031,-0.0046442041805042,-0.0178731577171648));
#2484=CARTESIAN_POINT('',(-0.0121358903671416,8.73445077218639E-19,-0.0178731577171648));
#2485=CARTESIAN_POINT('',(-0.0112121007190031,0.0046442041805042,-0.0178731577171648));
#2486=CARTESIAN_POINT('',(-0.01155061566242,-0.00478442166113346,-0.0170726237905673));
#2487=CARTESIAN_POINT('',(-0.0125022963015786,2.12092756082271E-18,-0.0170726237905673));
#2488=CARTESIAN_POINT('',(-0.01155061566242,0.00478442166113346,-0.0170726237905673));
#2489=CARTESIAN_POINT('',(-0.00884045849524971,0.00884045849524971,-0.0170726237905673));
#2490=CARTESIAN_POINT('',(-0.00478442166113346,0.01155061566242,-0.0170726237905673));
#2491=CARTESIAN_POINT('',(-3.52628648586379E-18,0.0125022963015786,-0.0170726237905673));
#2492=CARTESIAN_POINT('',(0.00478442166113346,0.01155061566242,-0.0170726237905673));
#2493=CARTESIAN_POINT('',(0.0088404584952497,0.00884045849524971,-0.0170726237905673));
#2494=CARTESIAN_POINT('',(0.01155061566242,0.00478442166113346,-0.0170726237905673));
#2495=CARTESIAN_POINT('',(0.0125022963015786,1.83163943172954E-18,-0.0170726237905673));
#2496=CARTESIAN_POINT('',(0.01155061566242,-0.00478442166113346,-0.0170726237905673));
#2497=CARTESIAN_POINT('',(0.0088404584952497,-0.0088404584952497,-0.0170726237905673));
#2498=CARTESIAN_POINT('',(0.00478442166113347,-0.01155061566242,-0.0170726237905673));
#2499=CARTESIAN_POINT('',(2.71292235922527E-18,-0.0125022963015786,-0.0170726237905673));
#2500=CARTESIAN_POINT('',(-0.00478442166113346,-0.01155061566242,-0.0170726237905673));
#2501=CARTESIAN_POINT('',(-0.0088404584952497,-0.00884045849524971,-0.0170726237905673));
#2502=CARTESIAN_POINT('',(-0.01155061566242,-0.00478442166113346,-0.0170726237905673));
#2503=CARTESIAN_POINT('',(-0.0125022963015786,2.12092756082271E-18,-0.0170726237905673));
#2504=CARTESIAN_POINT('',(-0.01155061566242,0.00478442166113346,-0.0170726237905673));
#2505=CARTESIAN_POINT('',(-0.0118789973316585,-0.00492044180216676,-0.0162451627271915));
#2506=CARTESIAN_POINT('',(-0.0128577340590813,1.57160257814441E-18,-0.0162451627271915));
#2507=CARTESIAN_POINT('',(-0.0118789973316585,0.00492044180216675,-0.0162451627271915));
#2508=CARTESIAN_POINT('',(-0.00909179094386962,0.00909179094386962,-0.0162451627271915));
#2509=CARTESIAN_POINT('',(-0.00492044180216676,0.0118789973316585,-0.0162451627271915));
#2510=CARTESIAN_POINT('',(-3.84320571593142E-18,0.0128577340590813,-0.0162451627271915));
#2511=CARTESIAN_POINT('',(0.00492044180216676,0.0118789973316585,-0.0162451627271915));
#2512=CARTESIAN_POINT('',(0.00909179094386962,0.00909179094386963,-0.0162451627271915));
#2513=CARTESIAN_POINT('',(0.0118789973316585,0.00492044180216675,-0.0162451627271915));
#2514=CARTESIAN_POINT('',(0.0128577340590813,1.93378213223703E-18,-0.0162451627271915));
#2515=CARTESIAN_POINT('',(0.0118789973316585,-0.00492044180216675,-0.0162451627271915));
#2516=CARTESIAN_POINT('',(0.00909179094386963,-0.00909179094386962,-0.0162451627271915));
#2517=CARTESIAN_POINT('',(0.00492044180216676,-0.0118789973316585,-0.0162451627271915));
#2518=CARTESIAN_POINT('',(3.87180504188223E-18,-0.0128577340590813,-0.0162451627271915));
#2519=CARTESIAN_POINT('',(-0.00492044180216676,-0.0118789973316585,-0.0162451627271915));
#2520=CARTESIAN_POINT('',(-0.00909179094386963,-0.00909179094386963,-0.0162451627271915));
#2521=CARTESIAN_POINT('',(-0.0118789973316585,-0.00492044180216676,-0.0162451627271915));
#2522=CARTESIAN_POINT('',(-0.0128577340590813,1.57160257814441E-18,-0.0162451627271915));
#2523=CARTESIAN_POINT('',(-0.0118789973316585,0.00492044180216675,-0.0162451627271915));
#2524=CARTESIAN_POINT('',(-0.0121708728869353,-0.00504134061568759,-0.0154781726398212));
#2525=CARTESIAN_POINT('',(-0.0131736578835689,2.00100298246049E-18,-0.0154781726398211));
#2526=CARTESIAN_POINT('',(-0.0121708728869353,0.00504134061568758,-0.0154781726398211));
#2527=CARTESIAN_POINT('',(-0.00931518282250321,0.00931518282250321,-0.0154781726398211));
#2528=CARTESIAN_POINT('',(-0.00504134061568758,0.0121708728869353,-0.0154781726398211));
#2529=CARTESIAN_POINT('',(-2.2668909610022E-18,0.0131736578835689,-0.0154781726398212));
#2530=CARTESIAN_POINT('',(0.00504134061568758,0.0121708728869353,-0.0154781726398211));
#2531=CARTESIAN_POINT('',(0.0093151828225032,0.00931518282250321,-0.0154781726398211));
#2532=CARTESIAN_POINT('',(0.0121708728869353,0.00504134061568758,-0.0154781726398212));
#2533=CARTESIAN_POINT('',(0.0131736578835689,9.74343130798085E-19,-0.0154781726398212));
#2534=CARTESIAN_POINT('',(0.0121708728869353,-0.00504134061568758,-0.0154781726398212));
#2535=CARTESIAN_POINT('',(0.0093151828225032,-0.00931518282250321,-0.0154781726398211));
#2536=CARTESIAN_POINT('',(0.00504134061568758,-0.0121708728869353,-0.0154781726398211));
#2537=CARTESIAN_POINT('',(5.4580664170941E-18,-0.0131736578835689,-0.0154781726398212));
#2538=CARTESIAN_POINT('',(-0.00504134061568759,-0.0121708728869353,-0.0154781726398212));
#2539=CARTESIAN_POINT('',(-0.00931518282250321,-0.00931518282250321,-0.0154781726398211));
#2540=CARTESIAN_POINT('',(-0.0121708728869353,-0.00504134061568759,-0.0154781726398212));
#2541=CARTESIAN_POINT('',(-0.0131736578835689,2.00100298246049E-18,-0.0154781726398211));
#2542=CARTESIAN_POINT('',(-0.0121708728869353,0.00504134061568758,-0.0154781726398211));
#2543=CARTESIAN_POINT('',(-0.0124421480207541,-0.00515370645524991,-0.0147164026979732));
#2544=CARTESIAN_POINT('',(-0.0134672839725477,1.35314339066754E-18,-0.0147164026979732));
#2545=CARTESIAN_POINT('',(-0.0124421480207541,0.0051537064552499,-0.0147164026979732));
#2546=CARTESIAN_POINT('',(-0.00952280782115336,0.00952280782115336,-0.0147164026979732));
#2547=CARTESIAN_POINT('',(-0.0051537064552499,0.0124421480207541,-0.0147164026979732));
#2548=CARTESIAN_POINT('',(-3.1771882132908E-18,0.0134672839725477,-0.0147164026979732));
#2549=CARTESIAN_POINT('',(0.00515370645524991,0.0124421480207541,-0.0147164026979732));
#2550=CARTESIAN_POINT('',(0.00952280782115336,0.00952280782115336,-0.0147164026979732));
#2551=CARTESIAN_POINT('',(0.0124421480207541,0.00515370645524991,-0.0147164026979732));
#2552=CARTESIAN_POINT('',(0.0134672839725477,1.99686224099174E-18,-0.0147164026979732));
#2553=CARTESIAN_POINT('',(0.0124421480207541,-0.0051537064552499,-0.0147164026979732));
#2554=CARTESIAN_POINT('',(0.00952280782115337,-0.00952280782115336,-0.0147164026979732));
#2555=CARTESIAN_POINT('',(0.00515370645524991,-0.0124421480207541,-0.0147164026979732));
#2556=CARTESIAN_POINT('',(4.80857034112864E-18,-0.0134672839725477,-0.0147164026979732));
#2557=CARTESIAN_POINT('',(-0.00515370645524991,-0.0124421480207541,-0.0147164026979732));
#2558=CARTESIAN_POINT('',(-0.00952280782115336,-0.00952280782115336,-0.0147164026979732));
#2559=CARTESIAN_POINT('',(-0.0124421480207541,-0.00515370645524991,-0.0147164026979732));
#2560=CARTESIAN_POINT('',(-0.0134672839725477,1.35314339066754E-18,-0.0147164026979732));
#2561=CARTESIAN_POINT('',(-0.0124421480207541,0.0051537064552499,-0.0147164026979732));
#2562=CARTESIAN_POINT('',(-0.0127793196881921,-0.0052933675327507,-0.013677375081855));
#2563=CARTESIAN_POINT('',(-0.0138322359555422,1.43351318235107E-18,-0.013677375081855));
#2564=CARTESIAN_POINT('',(-0.0127793196881921,0.0052933675327507,-0.013677375081855));
#2565=CARTESIAN_POINT('',(-0.00978086784313628,0.00978086784313627,-0.013677375081855));
#2566=CARTESIAN_POINT('',(-0.0052933675327507,0.0127793196881921,-0.013677375081855));
#2567=CARTESIAN_POINT('',(-1.15316707682396E-18,0.0138322359555422,-0.013677375081855));
#2568=CARTESIAN_POINT('',(0.00529336753275069,0.0127793196881921,-0.013677375081855));
#2569=CARTESIAN_POINT('',(0.00978086784313627,0.00978086784313627,-0.013677375081855));
#2570=CARTESIAN_POINT('',(0.0127793196881921,0.0052933675327507,-0.013677375081855));
#2571=CARTESIAN_POINT('',(0.0138322359555422,1.67016932052576E-18,-0.013677375081855));
#2572=CARTESIAN_POINT('',(0.0127793196881921,-0.0052933675327507,-0.013677375081855));
#2573=CARTESIAN_POINT('',(0.00978086784313628,-0.00978086784313627,-0.013677375081855));
#2574=CARTESIAN_POINT('',(0.0052933675327507,-0.0127793196881921,-0.013677375081855));
#2575=CARTESIAN_POINT('',(6.02599955306503E-18,-0.0138322359555422,-0.013677375081855));
#2576=CARTESIAN_POINT('',(-0.0052933675327507,-0.0127793196881921,-0.013677375081855));
#2577=CARTESIAN_POINT('',(-0.00978086784313627,-0.00978086784313628,-0.013677375081855));
#2578=CARTESIAN_POINT('',(-0.0127793196881921,-0.0052933675327507,-0.013677375081855));
#2579=CARTESIAN_POINT('',(-0.0138322359555422,1.43351318235107E-18,-0.013677375081855));
#2580=CARTESIAN_POINT('',(-0.0127793196881921,0.0052933675327507,-0.013677375081855));
#2581=CARTESIAN_POINT('',(-0.0131495166014643,-0.00544670811497671,-0.0124428894211912));
#2582=CARTESIAN_POINT('',(-0.0142329342070404,1.75989360740989E-18,-0.0124428894211912));
#2583=CARTESIAN_POINT('',(-0.0131495166014643,0.0054467081149767,-0.0124428894211913));
#2584=CARTESIAN_POINT('',(-0.0100642042939802,0.0100642042939802,-0.0124428894211912));
#2585=CARTESIAN_POINT('',(-0.0054467081149767,0.0131495166014643,-0.0124428894211912));
#2586=CARTESIAN_POINT('',(-2.99536656761294E-18,0.0142329342070404,-0.0124428894211912));
#2587=CARTESIAN_POINT('',(0.00544670811497671,0.0131495166014643,-0.0124428894211912));
#2588=CARTESIAN_POINT('',(0.0100642042939802,0.0100642042939802,-0.0124428894211912));
#2589=CARTESIAN_POINT('',(0.0131495166014643,0.0054467081149767,-0.0124428894211912));
#2590=CARTESIAN_POINT('',(0.0142329342070404,2.21442967823482E-18,-0.0124428894211912));
#2591=CARTESIAN_POINT('',(0.0131495166014644,-0.0054467081149767,-0.0124428894211913));
#2592=CARTESIAN_POINT('',(0.0100642042939802,-0.0100642042939802,-0.0124428894211912));
#2593=CARTESIAN_POINT('',(0.00544670811497671,-0.0131495166014643,-0.0124428894211912));
#2594=CARTESIAN_POINT('',(3.02129315115333E-18,-0.0142329342070404,-0.0124428894211912));
#2595=CARTESIAN_POINT('',(-0.0054467081149767,-0.0131495166014643,-0.0124428894211913));
#2596=CARTESIAN_POINT('',(-0.0100642042939802,-0.0100642042939802,-0.0124428894211912));
#2597=CARTESIAN_POINT('',(-0.0131495166014643,-0.00544670811497671,-0.0124428894211912));
#2598=CARTESIAN_POINT('',(-0.0142329342070404,1.75989360740989E-18,-0.0124428894211912));
#2599=CARTESIAN_POINT('',(-0.0131495166014643,0.0054467081149767,-0.0124428894211913));
#2600=CARTESIAN_POINT('',(-0.0135237988363944,-0.00560174089284006,-0.0110562544562804));
#2601=CARTESIAN_POINT('',(-0.0146380543788367,1.37649648926245E-18,-0.0110562544562804));
#2602=CARTESIAN_POINT('',(-0.0135237988363944,0.00560174089284006,-0.0110562544562803));
#2603=CARTESIAN_POINT('',(-0.0103506675146529,0.0103506675146529,-0.0110562544562804));
#2604=CARTESIAN_POINT('',(-0.00560174089284006,0.0135237988363944,-0.0110562544562804));
#2605=CARTESIAN_POINT('',(-2.9441138415758E-18,0.0146380543788367,-0.0110562544562803));
#2606=CARTESIAN_POINT('',(0.00560174089284006,0.0135237988363944,-0.0110562544562804));
#2607=CARTESIAN_POINT('',(0.0103506675146528,0.0103506675146529,-0.0110562544562803));
#2608=CARTESIAN_POINT('',(0.0135237988363944,0.00560174089284006,-0.0110562544562804));
#2609=CARTESIAN_POINT('',(0.0146380543788367,1.47782643732869E-18,-0.0110562544562803));
#2610=CARTESIAN_POINT('',(0.0135237988363944,-0.00560174089284005,-0.0110562544562804));
#2611=CARTESIAN_POINT('',(0.0103506675146529,-0.0103506675146529,-0.0110562544562803));
#2612=CARTESIAN_POINT('',(0.00560174089284006,-0.0135237988363944,-0.0110562544562804));
#2613=CARTESIAN_POINT('',(5.39458770230065E-18,-0.0146380543788367,-0.0110562544562804));
#2614=CARTESIAN_POINT('',(-0.00560174089284006,-0.0135237988363944,-0.0110562544562804));
#2615=CARTESIAN_POINT('',(-0.0103506675146529,-0.0103506675146529,-0.0110562544562804));
#2616=CARTESIAN_POINT('',(-0.0135237988363944,-0.00560174089284006,-0.0110562544562804));
#2617=CARTESIAN_POINT('',(-0.0146380543788367,1.37649648926245E-18,-0.0110562544562804));
#2618=CARTESIAN_POINT('',(-0.0135237988363944,0.00560174089284006,-0.0110562544562803));
#2619=CARTESIAN_POINT('',(-0.0138458273215562,-0.00573512945886452,-0.00962807818848437));
#2620=CARTESIAN_POINT('',(-0.0149866154994478,1.46534455038227E-18,-0.00962807818848436));
#2621=CARTESIAN_POINT('',(-0.0138458273215562,0.00573512945886452,-0.00962807818848437));
#2622=CARTESIAN_POINT('',(-0.0105971374466949,0.0105971374466949,-0.00962807818848436));
#2623=CARTESIAN_POINT('',(-0.00573512945886452,0.0138458273215562,-0.00962807818848437));
#2624=CARTESIAN_POINT('',(-3.53739558721512E-18,0.0149866154994478,-0.00962807818848436));
#2625=CARTESIAN_POINT('',(0.00573512945886453,0.0138458273215562,-0.00962807818848437));
#2626=CARTESIAN_POINT('',(0.0105971374466949,0.0105971374466949,-0.00962807818848437));
#2627=CARTESIAN_POINT('',(0.0138458273215562,0.00573512945886452,-0.00962807818848437));
#2628=CARTESIAN_POINT('',(0.0149866154994478,3.2922342655943E-18,-0.00962807818848437));
#2629=CARTESIAN_POINT('',(0.0138458273215562,-0.00573512945886452,-0.00962807818848436));
#2630=CARTESIAN_POINT('',(0.0105971374466949,-0.0105971374466949,-0.00962807818848437));
#2631=CARTESIAN_POINT('',(0.00573512945886453,-0.0138458273215562,-0.00962807818848436));
#2632=CARTESIAN_POINT('',(4.2763874964979E-18,-0.0149866154994478,-0.00962807818848437));
#2633=CARTESIAN_POINT('',(-0.00573512945886452,-0.0138458273215562,-0.00962807818848437));
#2634=CARTESIAN_POINT('',(-0.0105971374466949,-0.0105971374466949,-0.00962807818848436));
#2635=CARTESIAN_POINT('',(-0.0138458273215562,-0.00573512945886452,-0.00962807818848437));
#2636=CARTESIAN_POINT('',(-0.0149866154994478,1.46534455038227E-18,-0.00962807818848436));
#2637=CARTESIAN_POINT('',(-0.0138458273215562,0.00573512945886452,-0.00962807818848437));
#2638=CARTESIAN_POINT('',(-0.0141354600653937,-0.00585509926946935,-0.00808572709160683));
#2639=CARTESIAN_POINT('',(-0.0153001117223267,2.01373922535726E-18,-0.00808572709160683));
#2640=CARTESIAN_POINT('',(-0.0141354600653937,0.00585509926946934,-0.00808572709160683));
#2641=CARTESIAN_POINT('',(-0.010818812751769,0.010818812751769,-0.00808572709160683));
#2642=CARTESIAN_POINT('',(-0.00585509926946935,0.0141354600653937,-0.00808572709160683));
#2643=CARTESIAN_POINT('',(-1.62086576476701E-18,0.0153001117223267,-0.00808572709160683));
#2644=CARTESIAN_POINT('',(0.00585509926946934,0.0141354600653937,-0.00808572709160683));
#2645=CARTESIAN_POINT('',(0.010818812751769,0.010818812751769,-0.00808572709160683));
#2646=CARTESIAN_POINT('',(0.0141354600653937,0.00585509926946935,-0.00808572709160683));
#2647=CARTESIAN_POINT('',(0.0153001117223267,1.43284059306E-18,-0.00808572709160683));
#2648=CARTESIAN_POINT('',(0.0141354600653937,-0.00585509926946934,-0.00808572709160683));
#2649=CARTESIAN_POINT('',(0.010818812751769,-0.010818812751769,-0.00808572709160683));
#2650=CARTESIAN_POINT('',(0.00585509926946934,-0.0141354600653937,-0.00808572709160682));
#2651=CARTESIAN_POINT('',(6.78875959699322E-18,-0.0153001117223267,-0.00808572709160683));
#2652=CARTESIAN_POINT('',(-0.00585509926946935,-0.0141354600653937,-0.00808572709160683));
#2653=CARTESIAN_POINT('',(-0.010818812751769,-0.010818812751769,-0.00808572709160683));
#2654=CARTESIAN_POINT('',(-0.0141354600653937,-0.00585509926946935,-0.00808572709160683));
#2655=CARTESIAN_POINT('',(-0.0153001117223267,2.01373922535726E-18,-0.00808572709160683));
#2656=CARTESIAN_POINT('',(-0.0141354600653937,0.00585509926946934,-0.00808572709160683));
#2657=CARTESIAN_POINT('',(-0.014351908632461,-0.00594475520150486,-0.00665358315470392));
#2658=CARTESIAN_POINT('',(-0.0155343939630849,2.07812480369139E-18,-0.00665358315470393));
#2659=CARTESIAN_POINT('',(-0.014351908632461,0.00594475520150485,-0.00665358315470392));
#2660=CARTESIAN_POINT('',(-0.0109844753129207,0.0109844753129207,-0.00665358315470392));
#2661=CARTESIAN_POINT('',(-0.00594475520150485,0.014351908632461,-0.00665358315470392));
#2662=CARTESIAN_POINT('',(-3.36576281485481E-18,0.0155343939630849,-0.00665358315470392));
#2663=CARTESIAN_POINT('',(0.00594475520150485,0.014351908632461,-0.00665358315470392));
#2664=CARTESIAN_POINT('',(0.0109844753129207,0.0109844753129207,-0.00665358315470392));
#2665=CARTESIAN_POINT('',(0.014351908632461,0.00594475520150485,-0.00665358315470392));
#2666=CARTESIAN_POINT('',(0.0155343939630849,1.85268774252578E-18,-0.00665358315470392));
#2667=CARTESIAN_POINT('',(0.014351908632461,-0.00594475520150485,-0.00665358315470393));
#2668=CARTESIAN_POINT('',(0.0109844753129207,-0.0109844753129207,-0.00665358315470392));
#2669=CARTESIAN_POINT('',(0.00594475520150486,-0.014351908632461,-0.00665358315470392));
#2670=CARTESIAN_POINT('',(2.77800654596463E-18,-0.0155343939630849,-0.00665358315470393));
#2671=CARTESIAN_POINT('',(-0.00594475520150485,-0.014351908632461,-0.00665358315470393));
#2672=CARTESIAN_POINT('',(-0.0109844753129207,-0.0109844753129207,-0.00665358315470392));
#2673=CARTESIAN_POINT('',(-0.014351908632461,-0.00594475520150486,-0.00665358315470392));
#2674=CARTESIAN_POINT('',(-0.0155343939630849,2.07812480369139E-18,-0.00665358315470393));
#2675=CARTESIAN_POINT('',(-0.014351908632461,0.00594475520150485,-0.00665358315470392));
#2676=CARTESIAN_POINT('',(-0.0145017346291527,-0.00600681516133063,-0.00525418027996989));
#2677=CARTESIAN_POINT('',(-0.015696564453305,1.36760995914627E-18,-0.00525418027996988));
#2678=CARTESIAN_POINT('',(-0.0145017346291527,0.00600681516133062,-0.00525418027996988));
#2679=CARTESIAN_POINT('',(-0.0110991471662637,0.0110991471662637,-0.00525418027996989));
#2680=CARTESIAN_POINT('',(-0.00600681516133063,0.0145017346291527,-0.00525418027996989));
#2681=CARTESIAN_POINT('',(-1.15341163617356E-18,0.015696564453305,-0.00525418027996988));
#2682=CARTESIAN_POINT('',(0.00600681516133062,0.0145017346291527,-0.00525418027996988));
#2683=CARTESIAN_POINT('',(0.0110991471662637,0.0110991471662637,-0.00525418027996988));
#2684=CARTESIAN_POINT('',(0.0145017346291527,0.00600681516133063,-0.00525418027996989));
#2685=CARTESIAN_POINT('',(0.015696564453305,2.33448626380773E-18,-0.00525418027996988));
#2686=CARTESIAN_POINT('',(0.0145017346291527,-0.00600681516133062,-0.00525418027996988));
#2687=CARTESIAN_POINT('',(0.0110991471662637,-0.0110991471662637,-0.00525418027996989));
#2688=CARTESIAN_POINT('',(0.00600681516133062,-0.0145017346291527,-0.00525418027996988));
#2689=CARTESIAN_POINT('',(6.154936231415E-18,-0.015696564453305,-0.00525418027996989));
#2690=CARTESIAN_POINT('',(-0.00600681516133063,-0.0145017346291527,-0.00525418027996989));
#2691=CARTESIAN_POINT('',(-0.0110991471662637,-0.0110991471662637,-0.00525418027996988));
#2692=CARTESIAN_POINT('',(-0.0145017346291527,-0.00600681516133063,-0.00525418027996989));
#2693=CARTESIAN_POINT('',(-0.015696564453305,1.36760995914627E-18,-0.00525418027996988));
#2694=CARTESIAN_POINT('',(-0.0145017346291527,0.00600681516133062,-0.00525418027996988));
#2695=CARTESIAN_POINT('',(-0.0145986737541764,-0.00604696866164002,-0.00398717863712258));
#2696=CARTESIAN_POINT('',(-0.0158014906061338,1.36957657165975E-18,-0.00398717863712258));
#2697=CARTESIAN_POINT('',(-0.0145986737541764,0.00604696866164002,-0.00398717863712258));
#2698=CARTESIAN_POINT('',(-0.0111733411604528,0.0111733411604527,-0.00398717863712258));
#2699=CARTESIAN_POINT('',(-0.00604696866164002,0.0145986737541764,-0.00398717863712258));
#2700=CARTESIAN_POINT('',(-2.96168385810532E-18,0.0158014906061338,-0.00398717863712258));
#2701=CARTESIAN_POINT('',(0.00604696866164002,0.0145986737541764,-0.00398717863712258));
#2702=CARTESIAN_POINT('',(0.0111733411604527,0.0111733411604528,-0.00398717863712258));
#2703=CARTESIAN_POINT('',(0.0145986737541764,0.00604696866164002,-0.00398717863712258));
#2704=CARTESIAN_POINT('',(0.0158014906061338,1.90101985063066E-18,-0.00398717863712258));
#2705=CARTESIAN_POINT('',(0.0145986737541764,-0.00604696866164001,-0.00398717863712258));
#2706=CARTESIAN_POINT('',(0.0111733411604527,-0.0111733411604528,-0.00398717863712258));
#2707=CARTESIAN_POINT('',(0.00604696866164002,-0.0145986737541764,-0.00398717863712258));
#2708=CARTESIAN_POINT('',(4.64786488881988E-18,-0.0158014906061338,-0.00398717863712258));
#2709=CARTESIAN_POINT('',(-0.00604696866164002,-0.0145986737541764,-0.00398717863712258));
#2710=CARTESIAN_POINT('',(-0.0111733411604527,-0.0111733411604528,-0.00398717863712258));
#2711=CARTESIAN_POINT('',(-0.0145986737541764,-0.00604696866164002,-0.00398717863712258));
#2712=CARTESIAN_POINT('',(-0.0158014906061338,1.36957657165975E-18,-0.00398717863712258));
#2713=CARTESIAN_POINT('',(-0.0145986737541764,0.00604696866164002,-0.00398717863712258));
#2714=CARTESIAN_POINT('',(-0.0146548916922292,-0.00607025489403014,-0.00291045227131978));
#2715=CARTESIAN_POINT('',(-0.0158623404637987,2.00117348169646E-18,-0.00291045227131978));
#2716=CARTESIAN_POINT('',(-0.0146548916922292,0.00607025489403013,-0.00291045227131978));
#2717=CARTESIAN_POINT('',(-0.0112163685074418,0.0112163685074418,-0.00291045227131978));
#2718=CARTESIAN_POINT('',(-0.00607025489403013,0.0146548916922292,-0.00291045227131978));
#2719=CARTESIAN_POINT('',(-3.4064650231512E-18,0.0158623404637987,-0.00291045227131978));
#2720=CARTESIAN_POINT('',(0.00607025489403014,0.0146548916922292,-0.00291045227131978));
#2721=CARTESIAN_POINT('',(0.0112163685074418,0.0112163685074418,-0.00291045227131978));
#2722=CARTESIAN_POINT('',(0.0146548916922292,0.00607025489403013,-0.00291045227131978));
#2723=CARTESIAN_POINT('',(0.0158623404637987,1.63906575404682E-18,-0.00291045227131978));
#2724=CARTESIAN_POINT('',(0.0146548916922292,-0.00607025489403013,-0.00291045227131978));
#2725=CARTESIAN_POINT('',(0.0112163685074418,-0.0112163685074418,-0.00291045227131978));
#2726=CARTESIAN_POINT('',(0.00607025489403014,-0.0146548916922292,-0.00291045227131978));
#2727=CARTESIAN_POINT('',(2.39318057520813E-18,-0.0158623404637987,-0.00291045227131978));
#2728=CARTESIAN_POINT('',(-0.00607025489403013,-0.0146548916922292,-0.00291045227131978));
#2729=CARTESIAN_POINT('',(-0.0112163685074418,-0.0112163685074418,-0.00291045227131978));
#2730=CARTESIAN_POINT('',(-0.0146548916922292,-0.00607025489403014,-0.00291045227131978));
#2731=CARTESIAN_POINT('',(-0.0158623404637987,2.00117348169646E-18,-0.00291045227131978));
#2732=CARTESIAN_POINT('',(-0.0146548916922292,0.00607025489403013,-0.00291045227131978));
#2733=CARTESIAN_POINT('',(-0.0146713780862274,-0.00607708378201883,-0.00212797846224673));
#2734=CARTESIAN_POINT('',(-0.0158801852080733,1.55448740020829E-18,-0.00212797846224673));
#2735=CARTESIAN_POINT('',(-0.0146713780862274,0.00607708378201883,-0.00212797846224673));
#2736=CARTESIAN_POINT('',(-0.011228986647127,0.0112289866471269,-0.00212797846224673));
#2737=CARTESIAN_POINT('',(-0.00607708378201883,0.0146713780862274,-0.00212797846224673));
#2738=CARTESIAN_POINT('',(-3.58572559835411E-18,0.0158801852080733,-0.00212797846224673));
#2739=CARTESIAN_POINT('',(0.00607708378201883,0.0146713780862274,-0.00212797846224673));
#2740=CARTESIAN_POINT('',(0.0112289866471269,0.0112289866471269,-0.00212797846224673));
#2741=CARTESIAN_POINT('',(0.0146713780862274,0.00607708378201883,-0.00212797846224673));
#2742=CARTESIAN_POINT('',(0.0158801852080733,2.03887383115932E-18,-0.00212797846224673));
#2743=CARTESIAN_POINT('',(0.0146713780862274,-0.00607708378201883,-0.00212797846224673));
#2744=CARTESIAN_POINT('',(0.0112289866471269,-0.0112289866471269,-0.00212797846224673));
#2745=CARTESIAN_POINT('',(0.00607708378201883,-0.0146713780862274,-0.00212797846224673));
#2746=CARTESIAN_POINT('',(4.81064190626705E-18,-0.0158801852080733,-0.00212797846224673));
#2747=CARTESIAN_POINT('',(-0.00607708378201883,-0.0146713780862274,-0.00212797846224673));
#2748=CARTESIAN_POINT('',(-0.0112289866471269,-0.011228986647127,-0.00212797846224673));
#2749=CARTESIAN_POINT('',(-0.0146713780862274,-0.00607708378201883,-0.00212797846224673));
#2750=CARTESIAN_POINT('',(-0.0158801852080733,1.55448740020829E-18,-0.00212797846224673));
#2751=CARTESIAN_POINT('',(-0.0146713780862274,0.00607708378201883,-0.00212797846224673));
#2752=CARTESIAN_POINT('',(-0.0146692257659487,-0.00607619226176881,-0.00133295317484899));
#2753=CARTESIAN_POINT('',(-0.0158778555533911,2.70963481612426E-18,-0.00133295317484899));
#2754=CARTESIAN_POINT('',(-0.0146692257659487,0.0060761922617688,-0.00133295317484899));
#2755=CARTESIAN_POINT('',(-0.0112273393325033,0.0112273393325033,-0.00133295317484899));
#2756=CARTESIAN_POINT('',(-0.00607619226176881,0.0146692257659487,-0.00133295317484899));
#2757=CARTESIAN_POINT('',(-1.10026111712662E-18,0.0158778555533911,-0.00133295317484899));
#2758=CARTESIAN_POINT('',(0.0060761922617688,0.0146692257659487,-0.00133295317484899));
#2759=CARTESIAN_POINT('',(0.0112273393325033,0.0112273393325033,-0.00133295317484899));
#2760=CARTESIAN_POINT('',(0.0146692257659487,0.00607619226176881,-0.00133295317484899));
#2761=CARTESIAN_POINT('',(0.0158778555533911,1.29975874726785E-18,-0.00133295317484899));
#2762=CARTESIAN_POINT('',(0.0146692257659487,-0.0060761922617688,-0.00133295317484899));
#2763=CARTESIAN_POINT('',(0.0112273393325033,-0.0112273393325033,-0.00133295317484899));
#2764=CARTESIAN_POINT('',(0.00607619226176881,-0.0146692257659487,-0.00133295317484899));
#2765=CARTESIAN_POINT('',(5.02939758331391E-18,-0.0158778555533911,-0.00133295317484899));
#2766=CARTESIAN_POINT('',(-0.00607619226176881,-0.0146692257659487,-0.00133295317484899));
#2767=CARTESIAN_POINT('',(-0.0112273393325033,-0.0112273393325033,-0.00133295317484899));
#2768=CARTESIAN_POINT('',(-0.0146692257659487,-0.00607619226176881,-0.00133295317484899));
#2769=CARTESIAN_POINT('',(-0.0158778555533911,2.70963481612426E-18,-0.00133295317484899));
#2770=CARTESIAN_POINT('',(-0.0146692257659487,0.0060761922617688,-0.00133295317484899));
#2771=CARTESIAN_POINT('',(-0.0146528765213041,-0.00606942018290247,-0.000474927124609942));
#2772=CARTESIAN_POINT('',(-0.0158601592585071,2.17865053349987E-18,-0.000474927124609942));
#2773=CARTESIAN_POINT('',(-0.0146528765213041,0.00606942018290247,-0.000474927124609942));
#2774=CARTESIAN_POINT('',(-0.011214826162389,0.011214826162389,-0.000474927124609942));
#2775=CARTESIAN_POINT('',(-0.00606942018290247,0.0146528765213041,-0.000474927124609942));
#2776=CARTESIAN_POINT('',(-3.75850128865978E-18,0.0158601592585071,-0.000474927124609942));
#2777=CARTESIAN_POINT('',(0.00606942018290247,0.0146528765213041,-0.000474927124609942));
#2778=CARTESIAN_POINT('',(0.011214826162389,0.011214826162389,-0.000474927124609942));
#2779=CARTESIAN_POINT('',(0.0146528765213041,0.00606942018290247,-0.000474927124609942));
#2780=CARTESIAN_POINT('',(0.0158601592585071,3.02412437507822E-18,-0.000474927124609942));
#2781=CARTESIAN_POINT('',(0.0146528765213041,-0.00606942018290247,-0.000474927124609942));
#2782=CARTESIAN_POINT('',(0.011214826162389,-0.011214826162389,-0.000474927124609942));
#2783=CARTESIAN_POINT('',(0.00606942018290247,-0.0146528765213041,-0.000474927124609942));
#2784=CARTESIAN_POINT('',(4.39429735968158E-18,-0.0158601592585071,-0.000474927124609942));
#2785=CARTESIAN_POINT('',(-0.00606942018290247,-0.0146528765213041,-0.000474927124609942));
#2786=CARTESIAN_POINT('',(-0.011214826162389,-0.011214826162389,-0.000474927124609942));
#2787=CARTESIAN_POINT('',(-0.0146528765213041,-0.00606942018290247,-0.000474927124609942));
#2788=CARTESIAN_POINT('',(-0.0158601592585071,2.17865053349987E-18,-0.000474927124609942));
#2789=CARTESIAN_POINT('',(-0.0146528765213041,0.00606942018290247,-0.000474927124609942));
#2790=CARTESIAN_POINT('',(-0.0146154240800546,-0.00605390687379293,0.000353362969608872));
#2791=CARTESIAN_POINT('',(-0.0158196210282167,1.58618911970234E-18,0.000353362969608873));
#2792=CARTESIAN_POINT('',(-0.0146154240800546,0.00605390687379293,0.000353362969608872));
#2793=CARTESIAN_POINT('',(-0.0111861613048534,0.0111861613048534,0.000353362969608872));
#2794=CARTESIAN_POINT('',(-0.00605390687379293,0.0146154240800546,0.000353362969608873));
#2795=CARTESIAN_POINT('',(-2.40487856696522E-18,0.0158196210282167,0.000353362969608873));
#2796=CARTESIAN_POINT('',(0.00605390687379293,0.0146154240800546,0.000353362969608872));
#2797=CARTESIAN_POINT('',(0.0111861613048533,0.0111861613048534,0.000353362969608872));
#2798=CARTESIAN_POINT('',(0.0146154240800546,0.00605390687379293,0.000353362969608873));
#2799=CARTESIAN_POINT('',(0.0158196210282167,1.29846845404502E-18,0.000353362969608872));
#2800=CARTESIAN_POINT('',(0.0146154240800546,-0.00605390687379292,0.000353362969608873));
#2801=CARTESIAN_POINT('',(0.0111861613048533,-0.0111861613048534,0.000353362969608872));
#2802=CARTESIAN_POINT('',(0.00605390687379293,-0.0146154240800546,0.000353362969608872));
#2803=CARTESIAN_POINT('',(4.94719297962722E-18,-0.0158196210282167,0.000353362969608873));
#2804=CARTESIAN_POINT('',(-0.00605390687379293,-0.0146154240800546,0.000353362969608873));
#2805=CARTESIAN_POINT('',(-0.0111861613048533,-0.0111861613048534,0.000353362969608872));
#2806=CARTESIAN_POINT('',(-0.0146154240800546,-0.00605390687379293,0.000353362969608872));
#2807=CARTESIAN_POINT('',(-0.0158196210282167,1.58618911970234E-18,0.000353362969608873));
#2808=CARTESIAN_POINT('',(-0.0146154240800546,0.00605390687379293,0.000353362969608872));
#2809=CARTESIAN_POINT('',(-0.0145514596342005,-0.00602741193281051,0.00126497138038675));
#2810=CARTESIAN_POINT('',(-0.0157503864109283,1.91812770175711E-18,0.00126497138038675));
#2811=CARTESIAN_POINT('',(-0.0145514596342005,0.0060274119328105,0.00126497138038675));
#2812=CARTESIAN_POINT('',(-0.0111372050374758,0.0111372050374758,0.00126497138038675));
#2813=CARTESIAN_POINT('',(-0.00602741193281051,0.0145514596342006,0.00126497138038675));
#2814=CARTESIAN_POINT('',(-3.14783012007E-18,0.0157503864109283,0.00126497138038675));
#2815=CARTESIAN_POINT('',(0.00602741193281051,0.0145514596342005,0.00126497138038675));
#2816=CARTESIAN_POINT('',(0.0111372050374758,0.0111372050374758,0.00126497138038675));
#2817=CARTESIAN_POINT('',(0.0145514596342005,0.00602741193281051,0.00126497138038675));
#2818=CARTESIAN_POINT('',(0.0157503864109283,2.43522460688884E-18,0.00126497138038675));
#2819=CARTESIAN_POINT('',(0.0145514596342005,-0.0060274119328105,0.00126497138038675));
#2820=CARTESIAN_POINT('',(0.0111372050374758,-0.0111372050374758,0.00126497138038675));
#2821=CARTESIAN_POINT('',(0.00602741193281051,-0.0145514596342005,0.00126497138038675));
#2822=CARTESIAN_POINT('',(4.28520797081621E-18,-0.0157503864109283,0.00126497138038675));
#2823=CARTESIAN_POINT('',(-0.00602741193281051,-0.0145514596342005,0.00126497138038675));
#2824=CARTESIAN_POINT('',(-0.0111372050374758,-0.0111372050374758,0.00126497138038675));
#2825=CARTESIAN_POINT('',(-0.0145514596342005,-0.00602741193281051,0.00126497138038675));
#2826=CARTESIAN_POINT('',(-0.0157503864109283,1.91812770175711E-18,0.00126497138038675));
#2827=CARTESIAN_POINT('',(-0.0145514596342005,0.0060274119328105,0.00126497138038675));
#2828=CARTESIAN_POINT('',(-0.0144446090849216,-0.00598315298615214,0.0023613015627912));
#2829=CARTESIAN_POINT('',(-0.0156347322097918,1.72402819164701E-18,0.0023613015627912));
#2830=CARTESIAN_POINT('',(-0.0144446090849216,0.00598315298615214,0.0023613015627912));
#2831=CARTESIAN_POINT('',(-0.0110554251675795,0.0110554251675795,0.0023613015627912));
#2832=CARTESIAN_POINT('',(-0.00598315298615214,0.0144446090849216,0.0023613015627912));
#2833=CARTESIAN_POINT('',(-3.44183372254651E-18,0.0156347322097918,0.0023613015627912));
#2834=CARTESIAN_POINT('',(0.00598315298615214,0.0144446090849216,0.0023613015627912));
#2835=CARTESIAN_POINT('',(0.0110554251675795,0.0110554251675795,0.0023613015627912));
#2836=CARTESIAN_POINT('',(0.0144446090849216,0.00598315298615214,0.0023613015627912));
#2837=CARTESIAN_POINT('',(0.0156347322097918,2.16856196741595E-18,0.0023613015627912));
#2838=CARTESIAN_POINT('',(0.0144446090849216,-0.00598315298615214,0.0023613015627912));
#2839=CARTESIAN_POINT('',(0.0110554251675795,-0.0110554251675795,0.0023613015627912));
#2840=CARTESIAN_POINT('',(0.00598315298615215,-0.0144446090849216,0.0023613015627912));
#2841=CARTESIAN_POINT('',(2.24670542807919E-18,-0.0156347322097918,0.0023613015627912));
#2842=CARTESIAN_POINT('',(-0.00598315298615214,-0.0144446090849216,0.0023613015627912));
#2843=CARTESIAN_POINT('',(-0.0110554251675795,-0.0110554251675795,0.0023613015627912));
#2844=CARTESIAN_POINT('',(-0.0144446090849216,-0.00598315298615214,0.0023613015627912));
#2845=CARTESIAN_POINT('',(-0.0156347322097918,1.72402819164701E-18,0.0023613015627912));
#2846=CARTESIAN_POINT('',(-0.0144446090849216,0.00598315298615214,0.0023613015627912));
#2847=CARTESIAN_POINT('',(-0.014260641103338,-0.00590695095313784,0.00371296659926833));
#2848=CARTESIAN_POINT('',(-0.0154356067014222,2.17129967350154E-18,0.00371296659926833));
#2849=CARTESIAN_POINT('',(-0.014260641103338,0.00590695095313783,0.00371296659926833));
#2850=CARTESIAN_POINT('',(-0.0109146221703042,0.0109146221703042,0.00371296659926833));
#2851=CARTESIAN_POINT('',(-0.00590695095313784,0.014260641103338,0.00371296659926833));
#2852=CARTESIAN_POINT('',(-1.92471278061534E-18,0.0154356067014222,0.00371296659926833));
#2853=CARTESIAN_POINT('',(0.00590695095313784,0.014260641103338,0.00371296659926833));
#2854=CARTESIAN_POINT('',(0.0109146221703042,0.0109146221703042,0.00371296659926833));
#2855=CARTESIAN_POINT('',(0.0142606411033381,0.00590695095313784,0.00371296659926833));
#2856=CARTESIAN_POINT('',(0.0154356067014222,2.04857326513134E-18,0.00371296659926833));
#2857=CARTESIAN_POINT('',(0.0142606411033381,-0.00590695095313784,0.00371296659926833));
#2858=CARTESIAN_POINT('',(0.0109146221703042,-0.0109146221703042,0.00371296659926833));
#2859=CARTESIAN_POINT('',(0.00590695095313784,-0.014260641103338,0.00371296659926833));
#2860=CARTESIAN_POINT('',(6.21347852011098E-18,-0.0154356067014222,0.00371296659926833));
#2861=CARTESIAN_POINT('',(-0.00590695095313784,-0.014260641103338,0.00371296659926833));
#2862=CARTESIAN_POINT('',(-0.0109146221703042,-0.0109146221703042,0.00371296659926833));
#2863=CARTESIAN_POINT('',(-0.014260641103338,-0.00590695095313784,0.00371296659926833));
#2864=CARTESIAN_POINT('',(-0.0154356067014222,2.17129967350154E-18,0.00371296659926833));
#2865=CARTESIAN_POINT('',(-0.014260641103338,0.00590695095313783,0.00371296659926833));
#2866=CARTESIAN_POINT('',(-0.0139816520664166,-0.00579138991029155,0.00522498184230293));
#2867=CARTESIAN_POINT('',(-0.0151336311438913,9.33229934433809E-19,0.00522498184230293));
#2868=CARTESIAN_POINT('',(-0.0139816520664166,0.00579138991029155,0.00522498184230293));
#2869=CARTESIAN_POINT('',(-0.0107010932058215,0.0107010932058215,0.00522498184230293));
#2870=CARTESIAN_POINT('',(-0.00579138991029155,0.0139816520664166,0.00522498184230293));
#2871=CARTESIAN_POINT('',(-1.604241349465E-18,0.0151336311438913,0.00522498184230293));
#2872=CARTESIAN_POINT('',(0.00579138991029155,0.0139816520664166,0.00522498184230293));
#2873=CARTESIAN_POINT('',(0.0107010932058215,0.0107010932058215,0.00522498184230293));
#2874=CARTESIAN_POINT('',(0.0139816520664166,0.00579138991029155,0.00522498184230293));
#2875=CARTESIAN_POINT('',(0.0151336311438913,2.69937273726608E-18,0.00522498184230293));
#2876=CARTESIAN_POINT('',(0.0139816520664166,-0.00579138991029155,0.00522498184230293));
#2877=CARTESIAN_POINT('',(0.0107010932058215,-0.0107010932058215,0.00522498184230293));
#2878=CARTESIAN_POINT('',(0.00579138991029155,-0.0139816520664166,0.00522498184230293));
#2879=CARTESIAN_POINT('',(5.37950240947549E-18,-0.0151336311438913,0.00522498184230293));
#2880=CARTESIAN_POINT('',(-0.00579138991029155,-0.0139816520664166,0.00522498184230293));
#2881=CARTESIAN_POINT('',(-0.0107010932058215,-0.0107010932058215,0.00522498184230293));
#2882=CARTESIAN_POINT('',(-0.0139816520664166,-0.00579138991029155,0.00522498184230293));
#2883=CARTESIAN_POINT('',(-0.0151336311438913,9.33229934433809E-19,0.00522498184230293));
#2884=CARTESIAN_POINT('',(-0.0139816520664166,0.00579138991029155,0.00522498184230293));
#2885=CARTESIAN_POINT('',(-0.0136031805001812,-0.00563462185458428,0.0067943648373999));
#2886=CARTESIAN_POINT('',(-0.0147239764725657,2.34962564174204E-18,0.0067943648373999));
#2887=CARTESIAN_POINT('',(-0.0136031805001812,0.00563462185458426,0.00679436483739989));
#2888=CARTESIAN_POINT('',(-0.0104114236097824,0.0104114236097824,0.0067943648373999));
#2889=CARTESIAN_POINT('',(-0.00563462185458427,0.0136031805001812,0.0067943648373999));
#2890=CARTESIAN_POINT('',(-4.8309422850341E-18,0.0147239764725657,0.00679436483739989));
#2891=CARTESIAN_POINT('',(0.00563462185458428,0.0136031805001812,0.0067943648373999));
#2892=CARTESIAN_POINT('',(0.0104114236097824,0.0104114236097824,0.0067943648373999));
#2893=CARTESIAN_POINT('',(0.0136031805001812,0.00563462185458427,0.0067943648373999));
#2894=CARTESIAN_POINT('',(0.0147239764725657,1.34273452849458E-18,0.0067943648373999));
#2895=CARTESIAN_POINT('',(0.0136031805001812,-0.00563462185458426,0.0067943648373999));
#2896=CARTESIAN_POINT('',(0.0104114236097824,-0.0104114236097824,0.00679436483739989));
#2897=CARTESIAN_POINT('',(0.00563462185458427,-0.0136031805001812,0.0067943648373999));
#2898=CARTESIAN_POINT('',(4.0066472704376E-18,-0.0147239764725657,0.0067943648373999));
#2899=CARTESIAN_POINT('',(-0.00563462185458427,-0.0136031805001812,0.0067943648373999));
#2900=CARTESIAN_POINT('',(-0.0104114236097824,-0.0104114236097824,0.0067943648373999));
#2901=CARTESIAN_POINT('',(-0.0136031805001812,-0.00563462185458428,0.0067943648373999));
#2902=CARTESIAN_POINT('',(-0.0147239764725657,2.34962564174204E-18,0.0067943648373999));
#2903=CARTESIAN_POINT('',(-0.0136031805001812,0.00563462185458426,0.00679436483739989));
#2904=CARTESIAN_POINT('',(-0.013140357020796,-0.00544291409243822,0.0083273090747904));
#2905=CARTESIAN_POINT('',(-0.014223019948367,1.11744244004497E-18,0.0083273090747904));
#2906=CARTESIAN_POINT('',(-0.013140357020796,0.00544291409243821,0.0083273090747904));
#2907=CARTESIAN_POINT('',(-0.0100571938544418,0.0100571938544418,0.0083273090747904));
#2908=CARTESIAN_POINT('',(-0.00544291409243822,0.013140357020796,0.0083273090747904));
#2909=CARTESIAN_POINT('',(-3.04868432276352E-18,0.014223019948367,0.0083273090747904));
#2910=CARTESIAN_POINT('',(0.00544291409243822,0.013140357020796,0.0083273090747904));
#2911=CARTESIAN_POINT('',(0.0100571938544418,0.0100571938544418,0.0083273090747904));
#2912=CARTESIAN_POINT('',(0.013140357020796,0.00544291409243821,0.0083273090747904));
#2913=CARTESIAN_POINT('',(0.014223019948367,1.70414989658139E-18,0.0083273090747904));
#2914=CARTESIAN_POINT('',(0.013140357020796,-0.00544291409243821,0.0083273090747904));
#2915=CARTESIAN_POINT('',(0.0100571938544418,-0.0100571938544418,0.0083273090747904));
#2916=CARTESIAN_POINT('',(0.00544291409243822,-0.013140357020796,0.0083273090747904));
#2917=CARTESIAN_POINT('',(4.17824271010047E-18,-0.014223019948367,0.0083273090747904));
#2918=CARTESIAN_POINT('',(-0.00544291409243822,-0.013140357020796,0.0083273090747904));
#2919=CARTESIAN_POINT('',(-0.0100571938544418,-0.0100571938544418,0.0083273090747904));
#2920=CARTESIAN_POINT('',(-0.013140357020796,-0.00544291409243822,0.0083273090747904));
#2921=CARTESIAN_POINT('',(-0.014223019948367,1.11744244004497E-18,0.0083273090747904));
#2922=CARTESIAN_POINT('',(-0.013140357020796,0.00544291409243821,0.0083273090747904));
#2923=CARTESIAN_POINT('',(-0.0125912786350607,-0.00521547837826072,0.00981818781133492));
#2924=CARTESIAN_POINT('',(-0.0136287017862979,2.02769432555982E-18,0.00981818781133493));
#2925=CARTESIAN_POINT('',(-0.0125912786350607,0.00521547837826072,0.00981818781133492));
#2926=CARTESIAN_POINT('',(-0.00963694745186047,0.00963694745186047,0.00981818781133492));
#2927=CARTESIAN_POINT('',(-0.00521547837826072,0.0125912786350607,0.00981818781133492));
#2928=CARTESIAN_POINT('',(-4.06269981076267E-18,0.0136287017862979,0.00981818781133492));
#2929=CARTESIAN_POINT('',(0.00521547837826072,0.0125912786350607,0.00981818781133493));
#2930=CARTESIAN_POINT('',(0.00963694745186046,0.00963694745186047,0.00981818781133492));
#2931=CARTESIAN_POINT('',(0.0125912786350607,0.00521547837826072,0.00981818781133492));
#2932=CARTESIAN_POINT('',(0.0136287017862979,1.86607013238943E-18,0.00981818781133493));
#2933=CARTESIAN_POINT('',(0.0125912786350607,-0.00521547837826072,0.00981818781133492));
#2934=CARTESIAN_POINT('',(0.00963694745186047,-0.00963694745186046,0.00981818781133492));
#2935=CARTESIAN_POINT('',(0.00521547837826073,-0.0125912786350607,0.00981818781133492));
#2936=CARTESIAN_POINT('',(3.70489277562353E-18,-0.0136287017862979,0.00981818781133493));
#2937=CARTESIAN_POINT('',(-0.00521547837826072,-0.0125912786350607,0.00981818781133493));
#2938=CARTESIAN_POINT('',(-0.00963694745186047,-0.00963694745186047,0.00981818781133493));
#2939=CARTESIAN_POINT('',(-0.0125912786350607,-0.00521547837826072,0.00981818781133492));
#2940=CARTESIAN_POINT('',(-0.0136287017862979,2.02769432555982E-18,0.00981818781133493));
#2941=CARTESIAN_POINT('',(-0.0125912786350607,0.00521547837826072,0.00981818781133492));
#2942=CARTESIAN_POINT('',(-0.0119571513226711,-0.00495281424519777,0.0112578293537421));
#2943=CARTESIAN_POINT('',(-0.0129423273293751,1.70053815636963E-18,0.0112578293537421));
#2944=CARTESIAN_POINT('',(-0.0119571513226711,0.00495281424519777,0.0112578293537421));
#2945=CARTESIAN_POINT('',(-0.00915160741893711,0.0091516074189371,0.0112578293537421));
#2946=CARTESIAN_POINT('',(-0.00495281424519777,0.0119571513226711,0.0112578293537421));
#2947=CARTESIAN_POINT('',(-3.0022334184591E-18,0.0129423273293751,0.0112578293537421));
#2948=CARTESIAN_POINT('',(0.00495281424519777,0.0119571513226711,0.0112578293537421));
#2949=CARTESIAN_POINT('',(0.0091516074189371,0.0091516074189371,0.0112578293537421));
#2950=CARTESIAN_POINT('',(0.0119571513226711,0.00495281424519777,0.0112578293537421));
#2951=CARTESIAN_POINT('',(0.0129423273293751,1.07063884576041E-18,0.0112578293537421));
#2952=CARTESIAN_POINT('',(0.0119571513226711,-0.00495281424519776,0.0112578293537421));
#2953=CARTESIAN_POINT('',(0.00915160741893711,-0.00915160741893711,0.0112578293537421));
#2954=CARTESIAN_POINT('',(0.00495281424519777,-0.0119571513226711,0.0112578293537421));
#2955=CARTESIAN_POINT('',(4.5347299501031E-18,-0.0129423273293751,0.0112578293537421));
#2956=CARTESIAN_POINT('',(-0.00495281424519777,-0.0119571513226711,0.0112578293537421));
#2957=CARTESIAN_POINT('',(-0.0091516074189371,-0.00915160741893711,0.0112578293537421));
#2958=CARTESIAN_POINT('',(-0.0119571513226711,-0.00495281424519777,0.0112578293537421));
#2959=CARTESIAN_POINT('',(-0.0129423273293751,1.70053815636963E-18,0.0112578293537421));
#2960=CARTESIAN_POINT('',(-0.0119571513226711,0.00495281424519777,0.0112578293537421));
#2961=CARTESIAN_POINT('',(-0.0112693489621179,-0.0046679171792244,0.0125728730136397));
#2962=CARTESIAN_POINT('',(-0.0121978554189696,1.09376915615947E-18,0.0125728730136397));
#2963=CARTESIAN_POINT('',(-0.0112693489621179,0.0046679171792244,0.0125728730136397));
#2964=CARTESIAN_POINT('',(-0.00862518628268647,0.00862518628268647,0.0125728730136397));
#2965=CARTESIAN_POINT('',(-0.00466791717922439,0.0112693489621179,0.0125728730136397));
#2966=CARTESIAN_POINT('',(-2.94092838669195E-18,0.0121978554189696,0.0125728730136397));
#2967=CARTESIAN_POINT('',(0.0046679171792244,0.0112693489621179,0.0125728730136397));
#2968=CARTESIAN_POINT('',(0.00862518628268647,0.00862518628268647,0.0125728730136397));
#2969=CARTESIAN_POINT('',(0.0112693489621179,0.0046679171792244,0.0125728730136397));
#2970=CARTESIAN_POINT('',(0.0121978554189696,8.20849376103131E-19,0.0125728730136397));
#2971=CARTESIAN_POINT('',(0.0112693489621179,-0.00466791717922439,0.0125728730136397));
#2972=CARTESIAN_POINT('',(0.00862518628268647,-0.00862518628268647,0.0125728730136397));
#2973=CARTESIAN_POINT('',(0.0046679171792244,-0.0112693489621179,0.0125728730136397));
#2974=CARTESIAN_POINT('',(6.28239086149044E-18,-0.0121978554189696,0.0125728730136397));
#2975=CARTESIAN_POINT('',(-0.0046679171792244,-0.0112693489621179,0.0125728730136397));
#2976=CARTESIAN_POINT('',(-0.00862518628268647,-0.00862518628268647,0.0125728730136397));
#2977=CARTESIAN_POINT('',(-0.0112693489621179,-0.0046679171792244,0.0125728730136397));
#2978=CARTESIAN_POINT('',(-0.0121978554189696,1.09376915615947E-18,0.0125728730136397));
#2979=CARTESIAN_POINT('',(-0.0112693489621179,0.0046679171792244,0.0125728730136397));
#2980=CARTESIAN_POINT('',(-0.0106114445290171,-0.00439540424028869,0.0136645534255336));
#2981=CARTESIAN_POINT('',(-0.0114857447920436,8.76896148755221E-19,0.0136645534255336));
#2982=CARTESIAN_POINT('',(-0.0106114445290172,0.00439540424028869,0.0136645534255336));
#2983=CARTESIAN_POINT('',(-0.00812164802943208,0.00812164802943207,0.0136645534255336));
#2984=CARTESIAN_POINT('',(-0.00439540424028869,0.0106114445290172,0.0136645534255336));
#2985=CARTESIAN_POINT('',(-3.27232288567121E-18,0.0114857447920436,0.0136645534255336));
#2986=CARTESIAN_POINT('',(0.00439540424028869,0.0106114445290171,0.0136645534255336));
#2987=CARTESIAN_POINT('',(0.00812164802943207,0.00812164802943208,0.0136645534255336));
#2988=CARTESIAN_POINT('',(0.0106114445290172,0.00439540424028868,0.0136645534255336));
#2989=CARTESIAN_POINT('',(0.0114857447920436,1.75695172128854E-18,0.0136645534255336));
#2990=CARTESIAN_POINT('',(0.0106114445290172,-0.00439540424028869,0.0136645534255336));
#2991=CARTESIAN_POINT('',(0.00812164802943208,-0.00812164802943207,0.0136645534255336));
#2992=CARTESIAN_POINT('',(0.00439540424028869,-0.0106114445290171,0.0136645534255336));
#2993=CARTESIAN_POINT('',(7.19798229913834E-19,-0.0114857447920436,0.0136645534255336));
#2994=CARTESIAN_POINT('',(-0.00439540424028868,-0.0106114445290172,0.0136645534255336));
#2995=CARTESIAN_POINT('',(-0.00812164802943208,-0.00812164802943208,0.0136645534255336));
#2996=CARTESIAN_POINT('',(-0.0106114445290171,-0.00439540424028869,0.0136645534255336));
#2997=CARTESIAN_POINT('',(-0.0114857447920436,8.76896148755221E-19,0.0136645534255336));
#2998=CARTESIAN_POINT('',(-0.0106114445290172,0.00439540424028869,0.0136645534255336));
#2999=CARTESIAN_POINT('',(-0.0100164072026434,-0.00414893170958647,0.014535993121562));
#3000=CARTESIAN_POINT('',(-0.0108416810310938,1.49593693936054E-18,0.014535993121562));
#3001=CARTESIAN_POINT('',(-0.0100164072026434,0.00414893170958647,0.014535993121562));
#3002=CARTESIAN_POINT('',(-0.007666226176548,0.007666226176548,0.014535993121562));
#3003=CARTESIAN_POINT('',(-0.00414893170958647,0.0100164072026434,0.014535993121562));
#3004=CARTESIAN_POINT('',(-3.06011331629333E-18,0.0108416810310938,0.014535993121562));
#3005=CARTESIAN_POINT('',(0.00414893170958647,0.0100164072026434,0.014535993121562));
#3006=CARTESIAN_POINT('',(0.00766622617654799,0.007666226176548,0.014535993121562));
#3007=CARTESIAN_POINT('',(0.0100164072026434,0.00414893170958647,0.014535993121562));
#3008=CARTESIAN_POINT('',(0.0108416810310938,1.29779345068536E-18,0.014535993121562));
#3009=CARTESIAN_POINT('',(0.0100164072026435,-0.00414893170958647,0.014535993121562));
#3010=CARTESIAN_POINT('',(0.007666226176548,-0.007666226176548,0.014535993121562));
#3011=CARTESIAN_POINT('',(0.00414893170958648,-0.0100164072026434,0.014535993121562));
#3012=CARTESIAN_POINT('',(1.65907110644322E-18,-0.0108416810310938,0.014535993121562));
#3013=CARTESIAN_POINT('',(-0.00414893170958647,-0.0100164072026434,0.014535993121562));
#3014=CARTESIAN_POINT('',(-0.00766622617654799,-0.007666226176548,0.014535993121562));
#3015=CARTESIAN_POINT('',(-0.0100164072026434,-0.00414893170958647,0.014535993121562));
#3016=CARTESIAN_POINT('',(-0.0108416810310938,1.49593693936054E-18,0.014535993121562));
#3017=CARTESIAN_POINT('',(-0.0100164072026434,0.00414893170958647,0.014535993121562));
#3018=CARTESIAN_POINT('',(-0.0095053941435728,-0.00393726316996965,0.0152213450862305));
#3019=CARTESIAN_POINT('',(-0.0102885644817082,5.53978845433393E-19,0.0152213450862305));
#3020=CARTESIAN_POINT('',(-0.0095053941435728,0.00393726316996965,0.0152213450862305));
#3021=CARTESIAN_POINT('',(-0.00727511371369092,0.00727511371369092,0.0152213450862305));
#3022=CARTESIAN_POINT('',(-0.00393726316996965,0.00950539414357281,0.0152213450862305));
#3023=CARTESIAN_POINT('',(-3.02076724727998E-18,0.0102885644817082,0.0152213450862305));
#3024=CARTESIAN_POINT('',(0.00393726316996965,0.0095053941435728,0.0152213450862305));
#3025=CARTESIAN_POINT('',(0.00727511371369091,0.00727511371369092,0.0152213450862305));
#3026=CARTESIAN_POINT('',(0.0095053941435728,0.00393726316996964,0.0152213450862305));
#3027=CARTESIAN_POINT('',(0.0102885644817082,1.09456295822744E-18,0.0152213450862305));
#3028=CARTESIAN_POINT('',(0.0095053941435728,-0.00393726316996964,0.0152213450862305));
#3029=CARTESIAN_POINT('',(0.00727511371369092,-0.00727511371369092,0.0152213450862305));
#3030=CARTESIAN_POINT('',(0.00393726316996965,-0.0095053941435728,0.0152213450862305));
#3031=CARTESIAN_POINT('',(1.81940054953216E-18,-0.0102885644817082,0.0152213450862305));
#3032=CARTESIAN_POINT('',(-0.00393726316996964,-0.0095053941435728,0.0152213450862305));
#3033=CARTESIAN_POINT('',(-0.00727511371369092,-0.00727511371369093,0.0152213450862305));
#3034=CARTESIAN_POINT('',(-0.0095053941435728,-0.00393726316996965,0.0152213450862305));
#3035=CARTESIAN_POINT('',(-0.0102885644817082,5.53978845433393E-19,0.0152213450862305));
#3036=CARTESIAN_POINT('',(-0.0095053941435728,0.00393726316996965,0.0152213450862305));
#3037=CARTESIAN_POINT('',(-0.00908088667843797,-0.00376142642058218,0.0157459105026944));
#3038=CARTESIAN_POINT('',(-0.00982908091248036,1.58651391622902E-18,0.0157459105026944));
#3039=CARTESIAN_POINT('',(-0.00908088667843797,0.00376142642058217,0.0157459105026944));
#3040=CARTESIAN_POINT('',(-0.00695020976604612,0.00695020976604612,0.0157459105026944));
#3041=CARTESIAN_POINT('',(-0.00376142642058217,0.00908088667843797,0.0157459105026944));
#3042=CARTESIAN_POINT('',(-2.9280436301103E-18,0.00982908091248036,0.0157459105026944));
#3043=CARTESIAN_POINT('',(0.00376142642058217,0.00908088667843797,0.0157459105026944));
#3044=CARTESIAN_POINT('',(0.00695020976604612,0.00695020976604612,0.0157459105026944));
#3045=CARTESIAN_POINT('',(0.00908088667843797,0.00376142642058218,0.0157459105026944));
#3046=CARTESIAN_POINT('',(0.00982908091248036,1.13719461752298E-18,0.0157459105026944));
#3047=CARTESIAN_POINT('',(0.00908088667843797,-0.00376142642058217,0.0157459105026944));
#3048=CARTESIAN_POINT('',(0.00695020976604612,-0.00695020976604612,0.0157459105026944));
#3049=CARTESIAN_POINT('',(0.00376142642058218,-0.00908088667843796,0.0157459105026944));
#3050=CARTESIAN_POINT('',(1.41573226390521E-18,-0.00982908091248036,0.0157459105026944));
#3051=CARTESIAN_POINT('',(-0.00376142642058218,-0.00908088667843797,0.0157459105026944));
#3052=CARTESIAN_POINT('',(-0.00695020976604612,-0.00695020976604612,0.0157459105026944));
#3053=CARTESIAN_POINT('',(-0.00908088667843797,-0.00376142642058218,0.0157459105026944));
#3054=CARTESIAN_POINT('',(-0.00982908091248036,1.58651391622902E-18,0.0157459105026944));
#3055=CARTESIAN_POINT('',(-0.00908088667843797,0.00376142642058217,0.0157459105026944));
#3056=CARTESIAN_POINT('',(-0.00827190174718484,-0.00342633389030167,0.0166921198824699));
#3057=CARTESIAN_POINT('',(-0.0089534419327379,6.79456869985207E-19,0.0166921198824699));
#3058=CARTESIAN_POINT('',(-0.00827190174718484,0.00342633389030166,0.0166921198824699));
#3059=CARTESIAN_POINT('',(-0.00633103950559895,0.00633103950559895,0.0166921198824699));
#3060=CARTESIAN_POINT('',(-0.00342633389030166,0.00827190174718484,0.0166921198824699));
#3061=CARTESIAN_POINT('',(-2.99316516398409E-18,0.00895344193273789,0.0166921198824699));
#3062=CARTESIAN_POINT('',(0.00342633389030167,0.00827190174718484,0.0166921198824699));
#3063=CARTESIAN_POINT('',(0.00633103950559895,0.00633103950559895,0.0166921198824699));
#3064=CARTESIAN_POINT('',(0.00827190174718484,0.00342633389030166,0.0166921198824699));
#3065=CARTESIAN_POINT('',(0.0089534419327379,1.73664663468793E-18,0.0166921198824699));
#3066=CARTESIAN_POINT('',(0.00827190174718484,-0.00342633389030166,0.0166921198824699));
#3067=CARTESIAN_POINT('',(0.00633103950559895,-0.00633103950559895,0.0166921198824699));
#3068=CARTESIAN_POINT('',(0.00342633389030167,-0.00827190174718483,0.0166921198824699));
#3069=CARTESIAN_POINT('',(2.1997325864316E-18,-0.0089534419327379,0.0166921198824699));
#3070=CARTESIAN_POINT('',(-0.00342633389030166,-0.00827190174718483,0.0166921198824699));
#3071=CARTESIAN_POINT('',(-0.00633103950559895,-0.00633103950559895,0.0166921198824699));
#3072=CARTESIAN_POINT('',(-0.00827190174718484,-0.00342633389030167,0.0166921198824699));
#3073=CARTESIAN_POINT('',(-0.0089534419327379,6.79456869985207E-19,0.0166921198824699));
#3074=CARTESIAN_POINT('',(-0.00827190174718484,0.00342633389030166,0.0166921198824699));
#3075=CARTESIAN_POINT('',(-0.00736769638309509,-0.00305179976532519,0.0177264520234663));
#3076=CARTESIAN_POINT('',(-0.00797473709918461,1.21068067166167E-18,0.0177264520234663));
#3077=CARTESIAN_POINT('',(-0.00736769638309509,0.00305179976532519,0.0177264520234663));
#3078=CARTESIAN_POINT('',(-0.00563899068101338,0.00563899068101338,0.0177264520234663));
#3079=CARTESIAN_POINT('',(-0.00305179976532519,0.00736769638309509,0.0177264520234663));
#3080=CARTESIAN_POINT('',(-2.76269538696203E-18,0.00797473709918461,0.0177264520234663));
#3081=CARTESIAN_POINT('',(0.00305179976532518,0.0073676963830951,0.0177264520234663));
#3082=CARTESIAN_POINT('',(0.00563899068101337,0.00563899068101337,0.0177264520234663));
#3083=CARTESIAN_POINT('',(0.0073676963830951,0.00305179976532519,0.0177264520234663));
#3084=CARTESIAN_POINT('',(0.00797473709918461,1.96786550961951E-19,0.0177264520234663));
#3085=CARTESIAN_POINT('',(0.00736769638309509,-0.00305179976532518,0.0177264520234663));
#3086=CARTESIAN_POINT('',(0.00563899068101337,-0.00563899068101338,0.0177264520234663));
#3087=CARTESIAN_POINT('',(0.00305179976532519,-0.00736769638309509,0.0177264520234663));
#3088=CARTESIAN_POINT('',(2.19718243052286E-18,-0.00797473709918461,0.0177264520234663));
#3089=CARTESIAN_POINT('',(-0.00305179976532519,-0.0073676963830951,0.0177264520234663));
#3090=CARTESIAN_POINT('',(-0.00563899068101338,-0.00563899068101338,0.0177264520234663));
#3091=CARTESIAN_POINT('',(-0.00736769638309509,-0.00305179976532519,0.0177264520234663));
#3092=CARTESIAN_POINT('',(-0.00797473709918461,1.21068067166167E-18,0.0177264520234663));
#3093=CARTESIAN_POINT('',(-0.00736769638309509,0.00305179976532519,0.0177264520234663));
#3094=CARTESIAN_POINT('',(-0.00678360561584104,-0.00280986144787165,0.0183943099359473));
#3095=CARTESIAN_POINT('',(-0.00734252180844602,1.08420217248551E-18,0.0183943099359473));
#3096=CARTESIAN_POINT('',(-0.00678360561584104,0.00280986144787165,0.0183943099359473));
#3097=CARTESIAN_POINT('',(-0.00519194696176229,0.00519194696176229,0.0183943099359473));
#3098=CARTESIAN_POINT('',(-0.00280986144787165,0.00678360561584104,0.0183943099359473));
#3099=CARTESIAN_POINT('',(-1.8244321505575E-18,0.00734252180844602,0.0183943099359473));
#3100=CARTESIAN_POINT('',(0.00280986144787165,0.00678360561584104,0.0183943099359473));
#3101=CARTESIAN_POINT('',(0.00519194696176229,0.00519194696176229,0.0183943099359473));
#3102=CARTESIAN_POINT('',(0.00678360561584104,0.00280986144787165,0.0183943099359473));
#3103=CARTESIAN_POINT('',(0.00734252180844602,9.81936460686231E-19,0.0183943099359473));
#3104=CARTESIAN_POINT('',(0.00678360561584104,-0.00280986144787165,0.0183943099359473));
#3105=CARTESIAN_POINT('',(0.00519194696176229,-0.00519194696176229,0.0183943099359473));
#3106=CARTESIAN_POINT('',(0.00280986144787165,-0.00678360561584104,0.0183943099359473));
#3107=CARTESIAN_POINT('',(2.07757256217918E-18,-0.00734252180844602,0.0183943099359473));
#3108=CARTESIAN_POINT('',(-0.00280986144787165,-0.00678360561584104,0.0183943099359473));
#3109=CARTESIAN_POINT('',(-0.00519194696176229,-0.00519194696176229,0.0183943099359473));
#3110=CARTESIAN_POINT('',(-0.00678360561584104,-0.00280986144787165,0.0183943099359473));
#3111=CARTESIAN_POINT('',(-0.00734252180844602,1.08420217248551E-18,0.0183943099359473));
#3112=CARTESIAN_POINT('',(-0.00678360561584104,0.00280986144787165,0.0183943099359473));
#3113=CARTESIAN_POINT('',(0.,0.,-0.0305954546313221));
#3114=CARTESIAN_POINT('',(7.80625564189563E-18,1.10588621593521E-17,0.0216703757797071));
#3115=MECHANICAL_DESIGN_GEOMETRIC_PRESENTATION_REPRESENTATION('',(#656),
#3116);
#3116=(
GEOMETRIC_REPRESENTATION_CONTEXT(3)
GLOBAL_UNCERTAINTY_ASSIGNED_CONTEXT((#3117))
GLOBAL_UNIT_ASSIGNED_CONTEXT((#3120,#3119,#3118))
REPRESENTATION_CONTEXT('Part 1','TOP_LEVEL_ASSEMBLY_PART')
);
#3117=UNCERTAINTY_MEASURE_WITH_UNIT(LENGTH_MEASURE(2.E-5),#3120,
'DISTANCE_ACCURACY_VALUE','Maximum Tolerance applied to model');
#3118=(
NAMED_UNIT(*)
SI_UNIT($,.STERADIAN.)
SOLID_ANGLE_UNIT()
);
#3119=(
NAMED_UNIT(*)
PLANE_ANGLE_UNIT()
SI_UNIT($,.RADIAN.)
);
#3120=(
LENGTH_UNIT()
NAMED_UNIT(*)
SI_UNIT($,.METRE.)
);
#3121=PRODUCT_DEFINITION_SHAPE('','',#3122);
#3122=PRODUCT_DEFINITION('','',#3124,#3123);
#3123=PRODUCT_DEFINITION_CONTEXT('',#3130,'design');
#3124=PRODUCT_DEFINITION_FORMATION_WITH_SPECIFIED_SOURCE('','',#3126,
 .NOT_KNOWN.);
#3125=PRODUCT_RELATED_PRODUCT_CATEGORY('','',(#3126));
#3126=PRODUCT('Part 1','Part 1','Part 1',(#3128));
#3127=PRODUCT_CATEGORY('','');
#3128=PRODUCT_CONTEXT('',#3130,'mechanical');
#3129=APPLICATION_PROTOCOL_DEFINITION('international standard',
'ap242_managed_model_based_3d_engineering',2020,#3130);
#3130=APPLICATION_CONTEXT('managed model based 3d engineering');
ENDSEC;
END-ISO-10303-21;
